Unnamed: 0.2,Unnamed: 0,Unnamed: 0.1,Unnamed: 0.1.1,Unnamed: 0.1.1.1,testCaseId,queryParameters,operationId,path,httpMethod,headerParameters,pathParameters,formParameters,bodyParameter,statusCode,passed,failReason,responseBody
88,35,7891,12160,12160,test_rl5me04wwc4j_search,r=json;apikey=anonymous;plot=short;i=tt0903747;,search,/,GET,,,,,200,True,none,"{""Title"":""Breaking Bad"",""Year"":""2008–2013"",""Rated"":""TV-MA"",""Released"":""20 Jan 2008"",""Runtime"":""49 min"",""Genre"":""Crime, Drama, Thriller"",""Director"":""N/A"",""Writer"":""Vince Gilligan"",""Actors"":""Bryan Cranston, Aaron Paul, Anna Gunn"",""Plot"":""A high school chemistry teacher diagnosed with inoperable lung cancer turns to manufacturing and selling methamphetamine in order to secure his family's future."",""Language"":""English, Spanish"",""Country"":""United States"",""Awards"":""Won 16 Primetime Emmys. 154 wins & 247 nominations total"",""Poster"":""https://m.media-amazon.com/images/M/MV5BNDkyZThhNmMtZDBjYS00NDBmLTlkMjgtNWM2ZWYzZDQxZWU1XkEyXkFqcGdeQXVyMTMzNDExODE5._V1_SX300.jpg"",""Ratings"":[{""Source"":""Internet Movie Database"",""Value"":""9.5/10""},{""Source"":""Rotten Tomatoes"",""Value"":""96%""}],""Metascore"":""N/A"",""imdbRating"":""9.5"",""imdbVotes"":""1,827,006"",""imdbID"":""tt0903747"",""Type"":""series"",""totalSeasons"":""5"",""Response"":""True""}"
68,107,7697,5184,5184,test_rhug31x01qnp_search,r=json;apikey=anonymous;plot=short;i=tt2301467;,search,/,GET,,,,,200,True,none,"{""Title"":""Say My Name"",""Year"":""2012"",""Rated"":""TV-14"",""Released"":""26 Aug 2012"",""Season"":""5"",""Episode"":""7"",""Runtime"":""48 min"",""Genre"":""Crime, Drama, Thriller"",""Director"":""Thomas Schnauz"",""Writer"":""Vince Gilligan, Thomas Schnauz"",""Actors"":""Bryan Cranston, Anna Gunn, Aaron Paul"",""Plot"":""Mike and Jesse are out. Now Walt has to handle things on his own. Hank finally finds a rat in Mike's gang."",""Language"":""English"",""Country"":""United States"",""Awards"":""N/A"",""Poster"":""https://m.media-amazon.com/images/M/MV5BMTM1MjcyMzIzMl5BMl5BanBnXkFtZTcwOTk4MzAzOA@@._V1_SX300.jpg"",""Ratings"":[{""Source"":""Internet Movie Database"",""Value"":""9.5/10""}],""Metascore"":""N/A"",""imdbRating"":""9.5"",""imdbVotes"":""30142"",""imdbID"":""tt2301467"",""seriesID"":""tt0903747"",""Type"":""episode"",""Response"":""True""}"
270,802,7488,3281,3281,test_urmv7oh9sojd_search,r=json;t=The+Matrix+Resurrections;apikey=anonymous;plot=short;type=movie;,search,/,GET,,,,,200,True,none,"{""Title"":""The Matrix Resurrections"",""Year"":""2021"",""Rated"":""R"",""Released"":""22 Dec 2021"",""Runtime"":""148 min"",""Genre"":""Action, Sci-Fi"",""Director"":""Lana Wachowski"",""Writer"":""Lana Wachowski, David Mitchell, Aleksandar Hemon"",""Actors"":""Keanu Reeves, Carrie-Anne Moss, Yahya Abdul-Mateen II"",""Plot"":""Return to a world of two realities: one, everyday life; the other, what lies behind it. To find out if his reality is a construct, to truly know himself, Mr. Anderson will have to choose to follow the white rabbit once more."",""Language"":""English, French, Spanish, Japanese"",""Country"":""United States, Australia"",""Awards"":""Nominated for 1 BAFTA Award4 wins & 34 nominations total"",""Poster"":""https://m.media-amazon.com/images/M/MV5BMGJkNDJlZWUtOGM1Ny00YjNkLThiM2QtY2ZjMzQxMTIxNWNmXkEyXkFqcGdeQXVyMDM2NDM2MQ@@._V1_SX300.jpg"",""Ratings"":[{""Source"":""Internet Movie Database"",""Value"":""5.7/10""},{""Source"":""Rotten Tomatoes"",""Value"":""63%""},{""Source"":""Metacritic"",""Value"":""63/100""}],""Metascore"":""63"",""imdbRating"":""5.7"",""imdbVotes"":""239,919"",""imdbID"":""tt10838180"",""Type"":""movie"",""DVD"":""22 Dec 2021"",""BoxOffice"":""$37,686,805"",""Production"":""N/A"",""Website"":""N/A"",""Response"":""True""}"
410,98,8631,11416,11416,test_1ib35wxoy652q_search,t=The+Sandman;apikey=anonymous;type=movie;,search,/,GET,,,,,200,True,none,"{""Title"":""The Sandman"",""Year"":""2017"",""Rated"":""R"",""Released"":""14 Oct 2017"",""Runtime"":""88 min"",""Genre"":""Horror"",""Director"":""Peter Sullivan"",""Writer"":""Peter Sullivan"",""Actors"":""Haylie Duff, Tobin Bell, Shaun Sipos"",""Plot"":""A little girl with formidable powers imagines into existence the Sandman, a terrible monster from her nightmares that brings harm to anyone who wants to hurt her."",""Language"":""English"",""Country"":""United States"",""Awards"":""N/A"",""Poster"":""https://m.media-amazon.com/images/M/MV5BMTlkYjVlZDgtNGI2OC00NzVkLWI2YmYtMjFiNDliM2YwMDE5XkEyXkFqcGdeQXVyNDUzMzc3NTQ@._V1_SX300.jpg"",""Ratings"":[{""Source"":""Internet Movie Database"",""Value"":""4.3/10""}],""Metascore"":""N/A"",""imdbRating"":""4.3"",""imdbVotes"":""1,730"",""imdbID"":""tt7369722"",""Type"":""movie"",""DVD"":""06 Mar 2018"",""BoxOffice"":""N/A"",""Production"":""N/A"",""Website"":""N/A"",""Response"":""True""}"
192,341,6902,4543,4543,test_ubmdbnl2dbhf_search,apikey=anonymous;plot=short;i=tt7820276;y=2012;,search,/,GET,,,,,200,True,none,"{""Title"":""A Dark Knight: Mandatory Brunch Meeting"",""Year"":""2018"",""Rated"":""TV-14"",""Released"":""05 Apr 2018"",""Season"":""4"",""Episode"":""17"",""Runtime"":""43 min"",""Genre"":""Action, Crime, Drama"",""Director"":""Maja Vrvilo"",""Writer"":""Bruno Heller, Bob Kane, Bill Finger"",""Actors"":""Ben McKenzie, Donal Logue, David Mazouz"",""Plot"":""Gordon and Bullock try to stay one step ahead as Jerome zeros in on his next target. Meanwhile, Nygma hosts a riddle game show in the Narrows and faces his toughest challenger in Lee Thompkins, and Penguin goes to see Butch with a..."",""Language"":""English"",""Country"":""N/A"",""Awards"":""N/A"",""Poster"":""https://m.media-amazon.com/images/M/MV5BMzdiMTEwMTMtNTgzYS00MzJhLTgzNDQtOTk5Y2YyZjEwZWY0XkEyXkFqcGdeQXVyNTgyNDM1OTU@._V1_SX300.jpg"",""Ratings"":[{""Source"":""Internet Movie Database"",""Value"":""8.4/10""}],""Metascore"":""N/A"",""imdbRating"":""8.4"",""imdbVotes"":""1901"",""imdbID"":""tt7820276"",""seriesID"":""tt3749900"",""Type"":""episode"",""Response"":""True""}"
467,254,2234,6991,6991,test_vbmzg4bcrg4m_search,t=The+Boys;apikey=anonymous;plot=full;y=1996;,search,/,GET,,,,,200,True,none,"{""Title"":""The Boys"",""Year"":""1996"",""Rated"":""N/A"",""Released"":""25 Apr 1996"",""Runtime"":""30 min"",""Genre"":""Short"",""Director"":""Matthew Warren"",""Writer"":""Mike Barnet, John McAteer"",""Actors"":""Chris Keller, Patrick G. Ingram, Jason Hill"",""Plot"":""Their high school classmates called them \""The Boys.\"""",""Language"":""English"",""Country"":""United States"",""Awards"":""N/A"",""Poster"":""N/A"",""Ratings"":[],""Metascore"":""N/A"",""imdbRating"":""N/A"",""imdbVotes"":""N/A"",""imdbID"":""tt0272013"",""Type"":""movie"",""DVD"":""N/A"",""BoxOffice"":""N/A"",""Production"":""N/A"",""Website"":""N/A"",""Response"":""True""}"
164,290,1397,4943,4943,test_qe1jxibx5ws1_search,t=Sin+eater;apikey=anonymous;,search,/,GET,,,,,200,True,none,"{""Title"":""Sin Eater"",""Year"":""2022"",""Rated"":""N/A"",""Released"":""15 Mar 2022"",""Runtime"":""85 min"",""Genre"":""Horror, Thriller"",""Director"":""Carmelo Chimera"",""Writer"":""Carmelo Chimera, Nicholas Chimera, Robert O'Neal"",""Actors"":""Jessie Nerud, Danny Bohnen, Scotty Bohnen"",""Plot"":""Christine finds herself in a town harboring a dark secret. As she tries to recuperate, she begins to discover bizarre religious phenomena around her."",""Language"":""English"",""Country"":""United States"",""Awards"":""1 win"",""Poster"":""https://m.media-amazon.com/images/M/MV5BNGNlYTc3OTQtOWI5YS00NGU0LTk1NDgtOGE0NjhjMWU3YWE3XkEyXkFqcGdeQXVyMTQ2OTU2OTQ@._V1_SX300.jpg"",""Ratings"":[{""Source"":""Internet Movie Database"",""Value"":""3.0/10""}],""Metascore"":""N/A"",""imdbRating"":""3.0"",""imdbVotes"":""228"",""imdbID"":""tt11667808"",""Type"":""movie"",""DVD"":""15 Mar 2022"",""BoxOffice"":""N/A"",""Production"":""N/A"",""Website"":""N/A"",""Response"":""True""}"
497,731,6470,9835,9835,test_vf97oikb3bco_search,r=json;apikey=anonymous;i=tt11286314;type=movie;,search,/,GET,,,,,200,True,none,"{""Title"":""Don't Look Up"",""Year"":""2021"",""Rated"":""R"",""Released"":""24 Dec 2021"",""Runtime"":""2 min"",""Genre"":""Comedy, Drama, Sci-Fi"",""Director"":""Adam McKay"",""Writer"":""Adam McKay, David Sirota"",""Actors"":""Leonardo DiCaprio, Jennifer Lawrence, Meryl Streep"",""Plot"":""Two low-level astronomers must go on a giant media tour to warn humankind of an approaching comet that will destroy planet Earth."",""Language"":""English"",""Country"":""United States"",""Awards"":""Nominated for 4 Oscars. 17 wins & 88 nominations total"",""Poster"":""https://m.media-amazon.com/images/M/MV5BZjcwZjY3NjAtNzkxZS00NmFjLTg1OGYtODJmMThhY2UwMTc5XkEyXkFqcGdeQXVyODE5NzE3OTE@._V1_SX300.jpg"",""Ratings"":[{""Source"":""Internet Movie Database"",""Value"":""7.2/10""},{""Source"":""Metacritic"",""Value"":""49/100""}],""Metascore"":""49"",""imdbRating"":""7.2"",""imdbVotes"":""522,309"",""imdbID"":""tt11286314"",""Type"":""movie"",""DVD"":""N/A"",""BoxOffice"":""N/A"",""Production"":""N/A"",""Website"":""N/A"",""Response"":""True""}"
485,628,4279,6131,6131,test_sopo6lml4bw3_search,t=V+for+Vendetta;apikey=anonymous;plot=short;,search,/,GET,,,,,200,True,none,"{""Title"":""V for Vendetta"",""Year"":""2005"",""Rated"":""R"",""Released"":""17 Mar 2006"",""Runtime"":""132 min"",""Genre"":""Action, Drama, Sci-Fi"",""Director"":""James McTeigue"",""Writer"":""Lilly Wachowski, Lana Wachowski, David Lloyd"",""Actors"":""Hugo Weaving, Natalie Portman, Rupert Graves"",""Plot"":""In a future British dystopian society, a shadowy freedom fighter, known only by the alias of \""V\"", plots to overthrow the tyrannical government - with the help of a young woman."",""Language"":""English"",""Country"":""United States, United Kingdom, Germany"",""Awards"":""7 wins & 29 nominations"",""Poster"":""https://m.media-amazon.com/images/M/MV5BOTI5ODc3NzExNV5BMl5BanBnXkFtZTcwNzYxNzQzMw@@._V1_SX300.jpg"",""Ratings"":[{""Source"":""Internet Movie Database"",""Value"":""8.2/10""},{""Source"":""Rotten Tomatoes"",""Value"":""73%""},{""Source"":""Metacritic"",""Value"":""62/100""}],""Metascore"":""62"",""imdbRating"":""8.2"",""imdbVotes"":""1,112,280"",""imdbID"":""tt0434409"",""Type"":""movie"",""DVD"":""01 Aug 2006"",""BoxOffice"":""$70,511,035"",""Production"":""N/A"",""Website"":""N/A"",""Response"":""True""}"
335,114,8725,12078,12078,test_1ib5xrm3mre44_search,r=json;apikey=anonymous;plot=full;i=tt0133093;y=2021;,search,/,GET,,,,,200,True,none,"{""Title"":""The Matrix"",""Year"":""1999"",""Rated"":""R"",""Released"":""31 Mar 1999"",""Runtime"":""136 min"",""Genre"":""Action, Sci-Fi"",""Director"":""Lana Wachowski, Lilly Wachowski"",""Writer"":""Lilly Wachowski, Lana Wachowski"",""Actors"":""Keanu Reeves, Laurence Fishburne, Carrie-Anne Moss"",""Plot"":""Thomas A. Anderson is a man living two lives. By day he is an average computer programmer and by night a hacker known as Neo. Neo has always questioned his reality, but the truth is far beyond his imagination. Neo finds himself targeted by the police when he is contacted by Morpheus, a legendary computer hacker branded a terrorist by the government. As a rebel against the machines, Neo must confront the agents: super-powerful computer programs devoted to stopping Neo and the entire human rebellion."",""Language"":""English"",""Country"":""United States, Australia"",""Awards"":""Won 4 Oscars. 42 wins & 51 nominations total"",""Poster"":""https://m.media-amazon.com/images/M/MV5BNzQzOTk3OTAtNDQ0Zi00ZTVkLWI0MTEtMDllZjNkYzNjNTc4L2ltYWdlXkEyXkFqcGdeQXVyNjU0OTQ0OTY@._V1_SX300.jpg"",""Ratings"":[{""Source"":""Internet Movie Database"",""Value"":""8.7/10""},{""Source"":""Rotten Tomatoes"",""Value"":""88%""},{""Source"":""Metacritic"",""Value"":""73/100""}],""Metascore"":""73"",""imdbRating"":""8.7"",""imdbVotes"":""1,889,334"",""imdbID"":""tt0133093"",""Type"":""movie"",""DVD"":""15 May 2007"",""BoxOffice"":""$172,076,928"",""Production"":""N/A"",""Website"":""N/A"",""Response"":""True""}"
18,105,3907,6682,6682,test_u7ru3c52ogu0_search,r=json;t=Christmas+Crime;apikey=anonymous;plot=short;,search,/,GET,,,,,200,True,none,"{""Title"":""Christmas Crime"",""Year"":""2017"",""Rated"":""N/A"",""Released"":""22 Dec 2017"",""Runtime"":""N/A"",""Genre"":""Short, Comedy"",""Director"":""Sarah Ann Masse"",""Writer"":""Sarah Ann Masse, Nick Afka Thomas"",""Actors"":""Steven Boyer, Sarah Ann Masse, Nick Afka Thomas"",""Plot"":""N/A"",""Language"":""English"",""Country"":""USA"",""Awards"":""N/A"",""Poster"":""https://m.media-amazon.com/images/M/MV5BYzgxNjMyOGEtOWI2Yi00ODM0LTgwZjctYTc5NDQ5N2Y5MGQ3XkEyXkFqcGdeQXVyMjkxOTkyNzQ@._V1_SX300.jpg"",""Ratings"":[],""Metascore"":""N/A"",""imdbRating"":""N/A"",""imdbVotes"":""N/A"",""imdbID"":""tt7798942"",""Type"":""movie"",""DVD"":""N/A"",""BoxOffice"":""N/A"",""Production"":""N/A"",""Website"":""N/A"",""Response"":""True""}"
339,389,3104,12162,12162,test_r17ch59egz04_search,apikey=anonymous;i=tt0816692;type=episode;,search,/,GET,,,,,200,True,none,"{""Title"":""Interstellar"",""Year"":""2014"",""Rated"":""PG-13"",""Released"":""07 Nov 2014"",""Runtime"":""169 min"",""Genre"":""Adventure, Drama, Sci-Fi"",""Director"":""Christopher Nolan"",""Writer"":""Jonathan Nolan, Christopher Nolan"",""Actors"":""Matthew McConaughey, Anne Hathaway, Jessica Chastain"",""Plot"":""A team of explorers travel through a wormhole in space in an attempt to ensure humanity's survival."",""Language"":""English"",""Country"":""United States, United Kingdom, Canada"",""Awards"":""Won 1 Oscar. 44 wins & 148 nominations total"",""Poster"":""https://m.media-amazon.com/images/M/MV5BZjdkOTU3MDktN2IxOS00OGEyLWFmMjktY2FiMmZkNWIyODZiXkEyXkFqcGdeQXVyMTMxODk2OTU@._V1_SX300.jpg"",""Ratings"":[{""Source"":""Internet Movie Database"",""Value"":""8.6/10""},{""Source"":""Rotten Tomatoes"",""Value"":""73%""},{""Source"":""Metacritic"",""Value"":""74/100""}],""Metascore"":""74"",""imdbRating"":""8.6"",""imdbVotes"":""1,774,128"",""imdbID"":""tt0816692"",""Type"":""movie"",""DVD"":""31 Mar 2015"",""BoxOffice"":""$188,020,017"",""Production"":""N/A"",""Website"":""N/A"",""Response"":""True""}"
117,693,9183,6318,6318,test_qe10tu3cyueb_search,apikey=anonymous;plot=full;i=tt0110912;y=2018;,search,/,GET,,,,,200,True,none,"{""Title"":""Pulp Fiction"",""Year"":""1994"",""Rated"":""R"",""Released"":""14 Oct 1994"",""Runtime"":""154 min"",""Genre"":""Crime, Drama"",""Director"":""Quentin Tarantino"",""Writer"":""Quentin Tarantino, Roger Avary"",""Actors"":""John Travolta, Uma Thurman, Samuel L. Jackson"",""Plot"":""Jules Winnfield (Samuel L. Jackson) and Vincent Vega (John Travolta) are two hit men who are out to retrieve a suitcase stolen from their employer, mob boss Marsellus Wallace (Ving Rhames). Wallace has also asked Vincent to take his wife Mia (Uma Thurman) out a few days later when Wallace himself will be out of town. Butch Coolidge (Bruce Willis) is an aging boxer who is paid by Wallace to lose his fight. The lives of these seemingly unrelated people are woven together comprising of a series of funny, bizarre and uncalled-for incidents."",""Language"":""English, Spanish, French"",""Country"":""United States"",""Awards"":""Won 1 Oscar. 70 wins & 75 nominations total"",""Poster"":""https://m.media-amazon.com/images/M/MV5BNGNhMDIzZTUtNTBlZi00MTRlLWFjM2ItYzViMjE3YzI5MjljXkEyXkFqcGdeQXVyNzkwMjQ5NzM@._V1_SX300.jpg"",""Ratings"":[{""Source"":""Internet Movie Database"",""Value"":""8.9/10""},{""Source"":""Rotten Tomatoes"",""Value"":""92%""},{""Source"":""Metacritic"",""Value"":""94/100""}],""Metascore"":""94"",""imdbRating"":""8.9"",""imdbVotes"":""2,014,735"",""imdbID"":""tt0110912"",""Type"":""movie"",""DVD"":""20 Aug 2002"",""BoxOffice"":""$107,928,762"",""Production"":""N/A"",""Website"":""N/A"",""Response"":""True""}"
366,178,5081,2401,2401,test_1ibebd5dpri2a_search,r=json;apikey=anonymous;plot=full;i=tt0068646;,search,/,GET,,,,,200,True,none,"{""Title"":""The Godfather"",""Year"":""1972"",""Rated"":""R"",""Released"":""24 Mar 1972"",""Runtime"":""175 min"",""Genre"":""Crime, Drama"",""Director"":""Francis Ford Coppola"",""Writer"":""Mario Puzo, Francis Ford Coppola"",""Actors"":""Marlon Brando, Al Pacino, James Caan"",""Plot"":""The Godfather \""Don\"" Vito Corleone is the head of the Corleone mafia family in New York. He is at the event of his daughter's wedding. Michael, Vito's youngest son and a decorated WW II Marine is also present at the wedding. Michael seems to be uninterested in being a part of the family business. Vito is a powerful man, and is kind to all those who give him respect but is ruthless against those who do not. But when a powerful and treacherous rival wants to sell drugs and needs the Don's influence for the same, Vito refuses to do it. What follows is a clash between Vito's fading old values and the new ways which may cause Michael to do the thing he was most reluctant in doing and wage a mob war against all the other mafia families which could tear the Corleone family apart."",""Language"":""English, Italian, Latin"",""Country"":""United States"",""Awards"":""Won 3 Oscars. 31 wins & 30 nominations total"",""Poster"":""https://m.media-amazon.com/images/M/MV5BM2MyNjYxNmUtYTAwNi00MTYxLWJmNWYtYzZlODY3ZTk3OTFlXkEyXkFqcGdeQXVyNzkwMjQ5NzM@._V1_SX300.jpg"",""Ratings"":[{""Source"":""Internet Movie Database"",""Value"":""9.2/10""},{""Source"":""Rotten Tomatoes"",""Value"":""97%""},{""Source"":""Metacritic"",""Value"":""100/100""}],""Metascore"":""100"",""imdbRating"":""9.2"",""imdbVotes"":""1,823,905"",""imdbID"":""tt0068646"",""Type"":""movie"",""DVD"":""11 May 2004"",""BoxOffice"":""$136,381,073"",""Production"":""N/A"",""Website"":""N/A"",""Response"":""True""}"
17,940,3622,6249,6249,test_1hbd6zpa8ahk6_search,r=json;t=Ozymandias;apikey=anonymous;plot=short;,search,/,GET,,,,,200,True,none,"{""Title"":""Ozymandias"",""Year"":""2019"",""Rated"":""N/A"",""Released"":""27 Nov 2019"",""Runtime"":""4 min"",""Genre"":""Short, Horror"",""Director"":""Nathan Schiele"",""Writer"":""Nathan Schiele"",""Actors"":""Skeeta Jenkins, Adal Munguia"",""Plot"":""A young strategist gets one last chance to best his undefeated mentor in a mystical game of chess."",""Language"":""English"",""Country"":""United States"",""Awards"":""N/A"",""Poster"":""https://m.media-amazon.com/images/M/MV5BNWM5MjQ2YjMtNTUwMC00ZGQ2LThlOWQtY2NmNGU3OGNhNTA3XkEyXkFqcGdeQXVyNTcyMDY4NzQ@._V1_SX300.jpg"",""Ratings"":[{""Source"":""Internet Movie Database"",""Value"":""7.9/10""}],""Metascore"":""N/A"",""imdbRating"":""7.9"",""imdbVotes"":""12"",""imdbID"":""tt11238786"",""Type"":""movie"",""DVD"":""N/A"",""BoxOffice"":""N/A"",""Production"":""N/A"",""Website"":""N/A"",""Response"":""True""}"
336,115,2332,10388,10388,test_vb3jgx4prwx1_search,r=json;t=A+tale+of+two+guns;apikey=anonymous;plot=short;,search,/,GET,,,,,200,True,none,"{""Title"":""A Tale of Two Guns"",""Year"":""2022"",""Rated"":""N/A"",""Released"":""17 Feb 2022"",""Runtime"":""2 min"",""Genre"":""Western"",""Director"":""Justin Lee"",""Writer"":""Justin Lee"",""Actors"":""Tom Berenger, Casper Van Dien, Ed Morrone"",""Plot"":""In the lawless West, The Cowboys a notorious brotherhood of killers and thieves reigned over the land with brutal fists and fast guns. Fate had finally caught up with them - and now the merciless gang has but a single surviving me..."",""Language"":""English"",""Country"":""United States"",""Awards"":""N/A"",""Poster"":""https://m.media-amazon.com/images/M/MV5BMTBjMWU3OWUtYTE0Yy00YTZkLTllZGEtMDIwNDhiNjIxZmNkXkEyXkFqcGdeQXVyMTQwMDg5NjIw._V1_SX300.jpg"",""Ratings"":[{""Source"":""Internet Movie Database"",""Value"":""3.8/10""}],""Metascore"":""N/A"",""imdbRating"":""3.8"",""imdbVotes"":""204"",""imdbID"":""tt16513514"",""Type"":""movie"",""DVD"":""N/A"",""BoxOffice"":""N/A"",""Production"":""N/A"",""Website"":""N/A"",""Response"":""True""}"
251,410,3806,9044,9044,test_1jeytiv26gfnb_search,r=json;t=Modern+Family;apikey=anonymous;,search,/,GET,,,,,200,True,none,"{""Title"":""Modern Family"",""Year"":""2009–2020"",""Rated"":""TV-PG"",""Released"":""23 Sep 2009"",""Runtime"":""22 min"",""Genre"":""Comedy, Drama, Romance"",""Director"":""N/A"",""Writer"":""Steven Levitan, Christopher Lloyd"",""Actors"":""Ed O'Neill, Sofía Vergara, Julie Bowen"",""Plot"":""Three different but related families face trials and tribulations in their own uniquely comedic ways."",""Language"":""English, Spanish, Chinese, Italian"",""Country"":""United States"",""Awards"":""Won 22 Primetime Emmys. 119 wins & 384 nominations total"",""Poster"":""https://m.media-amazon.com/images/M/MV5BNzRhNWIxYTEtYjc2NS00YWFlLWFhOGEtMDZiMWM1M2RkNDkyXkEyXkFqcGdeQXVyNjc0MjkzNjc@._V1_SX300.jpg"",""Ratings"":[{""Source"":""Internet Movie Database"",""Value"":""8.5/10""}],""Metascore"":""N/A"",""imdbRating"":""8.5"",""imdbVotes"":""421,221"",""imdbID"":""tt1442437"",""Type"":""series"",""totalSeasons"":""11"",""Response"":""True""}"
459,50,3158,7516,7516,test_qdq02n03d6ih_search,apikey=anonymous;i=tt0318871;,search,/,GET,,,,,200,True,none,"{""Title"":""Berserk"",""Year"":""1997–1998"",""Rated"":""TV-14"",""Released"":""28 May 2002"",""Runtime"":""2 min"",""Genre"":""Animation, Action, Adventure"",""Director"":""N/A"",""Writer"":""Kentaro Miura"",""Actors"":""Marc Diraison, Nobutoshi Canna, Carrie Keranen"",""Plot"":""Guts is a skilled swordsman who joins forces with a mercenary group named 'The Band of the Hawk', lead by the charismatic Griffith, and fights with them as they battle their way into the royal court."",""Language"":""Japanese"",""Country"":""Japan"",""Awards"":""N/A"",""Poster"":""https://m.media-amazon.com/images/M/MV5BZWIzNzQ3ZDctODYxYi00YjUwLTg1MDgtMDg4Mzc0NWM4ZGY0XkEyXkFqcGdeQXVyNjAwNDUxODI@._V1_SX300.jpg"",""Ratings"":[{""Source"":""Internet Movie Database"",""Value"":""8.7/10""}],""Metascore"":""N/A"",""imdbRating"":""8.7"",""imdbVotes"":""38,379"",""imdbID"":""tt0318871"",""Type"":""series"",""totalSeasons"":""1"",""Response"":""True""}"
310,556,7034,7134,7134,test_rh4y8d19a7u9_search,t=Sonic+the+Hedgehog+2;apikey=anonymous;plot=short;,search,/,GET,,,,,200,True,none,"{""Title"":""Sonic the Hedgehog 2"",""Year"":""2022"",""Rated"":""PG"",""Released"":""08 Apr 2022"",""Runtime"":""122 min"",""Genre"":""Action, Adventure, Comedy"",""Director"":""Jeff Fowler"",""Writer"":""Pat Casey, Josh Miller, John Whittington"",""Actors"":""James Marsden, Jim Carrey, Ben Schwartz"",""Plot"":""When the manic Dr Robotnik returns to Earth with a new ally, Knuckles the Echidna, Sonic and his new friend Tails is all that stands in their way."",""Language"":""English, Russian, French, Latin, Hawaiian, Greek"",""Country"":""United States, Japan"",""Awards"":""N/A"",""Poster"":""https://m.media-amazon.com/images/M/MV5BODRlNTY5ZjktZjE0Ni00YjZhLTk3NTItYzk0ZjYxN2QxMWEzXkEyXkFqcGdeQXVyMjMwNDgzNjc@._V1_SX300.jpg"",""Ratings"":[{""Source"":""Internet Movie Database"",""Value"":""6.5/10""},{""Source"":""Rotten Tomatoes"",""Value"":""69%""},{""Source"":""Metacritic"",""Value"":""47/100""}],""Metascore"":""47"",""imdbRating"":""6.5"",""imdbVotes"":""59,801"",""imdbID"":""tt12412888"",""Type"":""movie"",""DVD"":""24 May 2022"",""BoxOffice"":""$190,872,904"",""Production"":""N/A"",""Website"":""N/A"",""Response"":""True""}"
165,713,9850,2262,2262,test_1iv71s7lozgad_search,r=json;t=Fargo;apikey=anonymous;plot=short;,search,/,GET,,,,,200,True,none,"{""Title"":""Fargo"",""Year"":""1996"",""Rated"":""R"",""Released"":""05 Apr 1996"",""Runtime"":""98 min"",""Genre"":""Crime, Thriller"",""Director"":""Joel Coen, Ethan Coen"",""Writer"":""Ethan Coen, Joel Coen"",""Actors"":""William H. Macy, Frances McDormand, Steve Buscemi"",""Plot"":""Minnesota car salesman Jerry Lundegaard's inept crime falls apart due to his and his henchmen's bungling and the persistent police work of the quite pregnant Marge Gunderson."",""Language"":""English"",""Country"":""United States, United Kingdom"",""Awards"":""Won 2 Oscars. 83 wins & 58 nominations total"",""Poster"":""https://m.media-amazon.com/images/M/MV5BNDJiZDgyZjctYmRjMS00ZjdkLTkwMTEtNGU1NDg3NDQ0Yzk1XkEyXkFqcGdeQXVyNzkwMjQ5NzM@._V1_SX300.jpg"",""Ratings"":[{""Source"":""Internet Movie Database"",""Value"":""8.1/10""},{""Source"":""Rotten Tomatoes"",""Value"":""94%""},{""Source"":""Metacritic"",""Value"":""85/100""}],""Metascore"":""85"",""imdbRating"":""8.1"",""imdbVotes"":""671,641"",""imdbID"":""tt0116282"",""Type"":""movie"",""DVD"":""01 Aug 2006"",""BoxOffice"":""$24,611,975"",""Production"":""N/A"",""Website"":""N/A"",""Response"":""True""}"
50,373,2413,6846,6846,test_qdta36oh2uec_search,apikey=anonymous;plot=full;i=tt10648342;,search,/,GET,,,,,200,True,none,"{""Title"":""Thor: Love and Thunder"",""Year"":""2022"",""Rated"":""PG-13"",""Released"":""08 Jul 2022"",""Runtime"":""31S min"",""Genre"":""Action, Adventure, Comedy"",""Director"":""Taika Waititi"",""Writer"":""Taika Waititi, Jennifer Kaytin Robinson, Stan Lee"",""Actors"":""Chris Hemsworth, Natalie Portman, Christian Bale"",""Plot"":""Thor enlists the help of Valkyrie, Korg and ex-girlfriend Jane Foster to fight Gorr the God Butcher, who intends to make the gods extinct."",""Language"":""English"",""Country"":""Australia, United States"",""Awards"":""3 nominations"",""Poster"":""https://m.media-amazon.com/images/M/MV5BYmMxZWRiMTgtZjM0Ny00NDQxLWIxYWQtZDdlNDNkOTEzYTdlXkEyXkFqcGdeQXVyMTkxNjUyNQ@@._V1_SX300.jpg"",""Ratings"":[{""Source"":""Internet Movie Database"",""Value"":""6.7/10""},{""Source"":""Rotten Tomatoes"",""Value"":""65%""},{""Source"":""Metacritic"",""Value"":""57/100""}],""Metascore"":""57"",""imdbRating"":""6.7"",""imdbVotes"":""174,546"",""imdbID"":""tt10648342"",""Type"":""movie"",""DVD"":""N/A"",""BoxOffice"":""$337,952,296"",""Production"":""N/A"",""Website"":""N/A"",""Response"":""True""}"
448,833,5496,7429,7429,test_skkjgpikt3dw_search,r=json;apikey=anonymous;i=tt1190634;y=1980;type=episode;,search,/,GET,,,,,200,True,none,"{""Title"":""The Boys"",""Year"":""2019–"",""Rated"":""TV-MA"",""Released"":""26 Jul 2019"",""Runtime"":""31S min"",""Genre"":""Action, Crime, Drama"",""Director"":""N/A"",""Writer"":""Eric Kripke"",""Actors"":""Karl Urban, Jack Quaid, Antony Starr"",""Plot"":""A group of vigilantes set out to take down corrupt superheroes who abuse their superpowers."",""Language"":""English"",""Country"":""United States"",""Awards"":""Nominated for 6 Primetime Emmys. 8 wins & 61 nominations total"",""Poster"":""https://m.media-amazon.com/images/M/MV5BOTEyNDJhMDAtY2U5ZS00OTMzLTkwODktMjU3MjFkZWVlMGYyXkEyXkFqcGdeQXVyMjkwOTAyMDU@._V1_SX300.jpg"",""Ratings"":[{""Source"":""Internet Movie Database"",""Value"":""8.7/10""}],""Metascore"":""N/A"",""imdbRating"":""8.7"",""imdbVotes"":""457,260"",""imdbID"":""tt1190634"",""Type"":""series"",""totalSeasons"":""3"",""Response"":""True""}"
444,217,8314,6311,6311,test_ubu71edu9ohl_search,r=json;apikey=anonymous;i=tt0816692;type=movie;,search,/,GET,,,,,200,True,none,"{""Title"":""Interstellar"",""Year"":""2014"",""Rated"":""PG-13"",""Released"":""07 Nov 2014"",""Runtime"":""169 min"",""Genre"":""Adventure, Drama, Sci-Fi"",""Director"":""Christopher Nolan"",""Writer"":""Jonathan Nolan, Christopher Nolan"",""Actors"":""Matthew McConaughey, Anne Hathaway, Jessica Chastain"",""Plot"":""A team of explorers travel through a wormhole in space in an attempt to ensure humanity's survival."",""Language"":""English"",""Country"":""United States, United Kingdom, Canada"",""Awards"":""Won 1 Oscar. 44 wins & 148 nominations total"",""Poster"":""https://m.media-amazon.com/images/M/MV5BZjdkOTU3MDktN2IxOS00OGEyLWFmMjktY2FiMmZkNWIyODZiXkEyXkFqcGdeQXVyMTMxODk2OTU@._V1_SX300.jpg"",""Ratings"":[{""Source"":""Internet Movie Database"",""Value"":""8.6/10""},{""Source"":""Rotten Tomatoes"",""Value"":""73%""},{""Source"":""Metacritic"",""Value"":""74/100""}],""Metascore"":""74"",""imdbRating"":""8.6"",""imdbVotes"":""1,774,128"",""imdbID"":""tt0816692"",""Type"":""movie"",""DVD"":""31 Mar 2015"",""BoxOffice"":""$188,020,017"",""Production"":""N/A"",""Website"":""N/A"",""Response"":""True""}"
301,57,633,8056,8056,test_trz6rfid15d1_search,r=json;apikey=anonymous;i=tt3704428;type=episode;,search,/,GET,,,,,200,True,none,"{""Title"":""Elvis"",""Year"":""2022"",""Rated"":""PG-13"",""Released"":""24 Jun 2022"",""Runtime"":""159 min"",""Genre"":""Biography, Drama, Music"",""Director"":""Baz Luhrmann"",""Writer"":""Baz Luhrmann, Sam Bromell, Craig Pearce"",""Actors"":""Tom Hanks, Austin Butler, Olivia DeJonge"",""Plot"":""The life of American music icon Elvis Presley, from his childhood to becoming a rock and movie star in the 1950s while maintaining a complex relationship with his manager, Colonel Tom Parker."",""Language"":""English"",""Country"":""United States, Australia"",""Awards"":""1 win & 2 nominations"",""Poster"":""https://m.media-amazon.com/images/M/MV5BYzMzNTJjYmMtZTkxNS00MjI4LWI3YmQtOTQ4MDZjZDJlZjQyXkEyXkFqcGdeQXVyNjc0NzQzNTM@._V1_SX300.jpg"",""Ratings"":[{""Source"":""Internet Movie Database"",""Value"":""7.5/10""},{""Source"":""Rotten Tomatoes"",""Value"":""78%""},{""Source"":""Metacritic"",""Value"":""64/100""}],""Metascore"":""64"",""imdbRating"":""7.5"",""imdbVotes"":""108,890"",""imdbID"":""tt3704428"",""Type"":""movie"",""DVD"":""09 Aug 2022"",""BoxOffice"":""$150,260,502"",""Production"":""N/A"",""Website"":""N/A"",""Response"":""True""}"
274,181,9365,1080,1080,test_1iyi83bs4txro_search,apikey=anonymous;plot=full;i=tt0372784;y=1983;,search,/,GET,,,,,200,True,none,"{""Title"":""Batman Begins"",""Year"":""2005"",""Rated"":""PG-13"",""Released"":""15 Jun 2005"",""Runtime"":""140 min"",""Genre"":""Action, Crime, Drama"",""Director"":""Christopher Nolan"",""Writer"":""Bob Kane, David S. Goyer, Christopher Nolan"",""Actors"":""Christian Bale, Michael Caine, Ken Watanabe"",""Plot"":""When his parents are killed, billionaire playboy Bruce Wayne relocates to Asia, where he is mentored by Henri Ducard and Ra's Al Ghul in how to fight evil. When learning about the plan to wipe out evil in Gotham City by Ducard, Bruce prevents this plan from getting any further and heads back to his home. Back in his original surroundings, Bruce adopts the image of a bat to strike fear into the criminals and the corrupt as the icon known as \""Batman\"". But it doesn't stay quiet for long."",""Language"":""English, Mandarin"",""Country"":""United States, United Kingdom"",""Awards"":""Nominated for 1 Oscar. 13 wins & 79 nominations total"",""Poster"":""https://m.media-amazon.com/images/M/MV5BOTY4YjI2N2MtYmFlMC00ZjcyLTg3YjEtMDQyM2ZjYzQ5YWFkXkEyXkFqcGdeQXVyMTQxNzMzNDI@._V1_SX300.jpg"",""Ratings"":[{""Source"":""Internet Movie Database"",""Value"":""8.2/10""},{""Source"":""Rotten Tomatoes"",""Value"":""84%""},{""Source"":""Metacritic"",""Value"":""70/100""}],""Metascore"":""70"",""imdbRating"":""8.2"",""imdbVotes"":""1,452,552"",""imdbID"":""tt0372784"",""Type"":""movie"",""DVD"":""18 Oct 2005"",""BoxOffice"":""$206,863,479"",""Production"":""N/A"",""Website"":""N/A"",""Response"":""True""}"
99,109,8078,2107,2107,test_1if11wxogggfq_search,r=json;apikey=anonymous;i=tt0047478;,search,/,GET,,,,,200,True,none,"{""Title"":""Seven Samurai"",""Year"":""1954"",""Rated"":""Not Rated"",""Released"":""19 Nov 1956"",""Runtime"":""207 min"",""Genre"":""Action, Drama"",""Director"":""Akira Kurosawa"",""Writer"":""Akira Kurosawa, Shinobu Hashimoto, Hideo Oguni"",""Actors"":""Toshirô Mifune, Takashi Shimura, Keiko Tsushima"",""Plot"":""Farmers from a village exploited by bandits hire a veteran samurai for protection, who gathers six other samurai to join him. As the samurai teach the peasants how to defend themselves, the village is attacked by an army of bandits."",""Language"":""Japanese"",""Country"":""Japan"",""Awards"":""Nominated for 2 Oscars. 5 wins & 8 nominations total"",""Poster"":""https://m.media-amazon.com/images/M/MV5BNWQ3OTM4ZGItMWEwZi00MjI5LWI3YzgtNTYwNWRkNmIzMGI5XkEyXkFqcGdeQXVyNDY2MTk1ODk@._V1_SX300.jpg"",""Ratings"":[{""Source"":""Internet Movie Database"",""Value"":""8.6/10""},{""Source"":""Rotten Tomatoes"",""Value"":""100%""},{""Source"":""Metacritic"",""Value"":""98/100""}],""Metascore"":""98"",""imdbRating"":""8.6"",""imdbVotes"":""342,946"",""imdbID"":""tt0047478"",""Type"":""movie"",""DVD"":""05 Sep 2006"",""BoxOffice"":""$318,649"",""Production"":""N/A"",""Website"":""N/A"",""Response"":""True""}"
41,576,2840,5506,5506,test_1iv72y7196zp0_search,r=json;apikey=anonymous;plot=short;i=tt19268098;y=2016;,search,/,GET,,,,,200,True,none,"{""Title"":""First Blood"",""Year"":""2022"",""Rated"":""TV-14"",""Released"":""15 May 2022"",""Season"":""20"",""Episode"":""19"",""Runtime"":""22 min"",""Genre"":""Animation, Comedy"",""Director"":""Mike Kim"",""Writer"":""Seth MacFarlane, David Zuckerman, Alex Carter"",""Actors"":""Seth MacFarlane, Alex Borstein, Seth Green"",""Plot"":""Peter and the guys test their physical prowess at Mayor West's dude ranch; Stewie believes he's gotten his first period."",""Language"":""English"",""Country"":""United States"",""Awards"":""N/A"",""Poster"":""https://m.media-amazon.com/images/M/MV5BYTM0ODc5MDUtZTk1OS00M2ViLTg4ODYtMDQ5MjUwOGZlZGE4XkEyXkFqcGdeQXVyMjYwNDA2MDE@._V1_SX300.jpg"",""Ratings"":[{""Source"":""Internet Movie Database"",""Value"":""6.2/10""}],""Metascore"":""N/A"",""imdbRating"":""6.2"",""imdbVotes"":""376"",""imdbID"":""tt19268098"",""seriesID"":""tt0182576"",""Type"":""episode"",""Response"":""True""}"
48,49,7437,5973,5973,test_s4xg2fcckoro_search,r=json;t=A+tale+of+two+guns;apikey=anonymous;,search,/,GET,,,,,200,True,none,"{""Title"":""A Tale of Two Guns"",""Year"":""2022"",""Rated"":""N/A"",""Released"":""17 Feb 2022"",""Runtime"":""2 min"",""Genre"":""Western"",""Director"":""Justin Lee"",""Writer"":""Justin Lee"",""Actors"":""Tom Berenger, Casper Van Dien, Ed Morrone"",""Plot"":""In the lawless West, The Cowboys a notorious brotherhood of killers and thieves reigned over the land with brutal fists and fast guns. Fate had finally caught up with them - and now the merciless gang has but a single surviving me..."",""Language"":""English"",""Country"":""United States"",""Awards"":""N/A"",""Poster"":""https://m.media-amazon.com/images/M/MV5BMTBjMWU3OWUtYTE0Yy00YTZkLTllZGEtMDIwNDhiNjIxZmNkXkEyXkFqcGdeQXVyMTQwMDg5NjIw._V1_SX300.jpg"",""Ratings"":[{""Source"":""Internet Movie Database"",""Value"":""3.8/10""}],""Metascore"":""N/A"",""imdbRating"":""3.8"",""imdbVotes"":""204"",""imdbID"":""tt16513514"",""Type"":""movie"",""DVD"":""N/A"",""BoxOffice"":""N/A"",""Production"":""N/A"",""Website"":""N/A"",""Response"":""True""}"
247,912,7008,1708,1708,test_vb3lcfxqhyye_search,r=json;t=John+Wick;apikey=anonymous;,search,/,GET,,,,,200,True,none,"{""Title"":""John Wick"",""Year"":""2014"",""Rated"":""R"",""Released"":""24 Oct 2014"",""Runtime"":""101 min"",""Genre"":""Action, Crime, Thriller"",""Director"":""Chad Stahelski, David Leitch"",""Writer"":""Derek Kolstad"",""Actors"":""Keanu Reeves, Michael Nyqvist, Alfie Allen"",""Plot"":""An ex-hit-man comes out of retirement to track down the gangsters that killed his dog and took everything from him."",""Language"":""English, Russian, Hungarian"",""Country"":""United States, United Kingdom, China"",""Awards"":""5 wins & 10 nominations"",""Poster"":""https://m.media-amazon.com/images/M/MV5BMTU2NjA1ODgzMF5BMl5BanBnXkFtZTgwMTM2MTI4MjE@._V1_SX300.jpg"",""Ratings"":[{""Source"":""Internet Movie Database"",""Value"":""7.4/10""},{""Source"":""Rotten Tomatoes"",""Value"":""86%""},{""Source"":""Metacritic"",""Value"":""68/100""}],""Metascore"":""68"",""imdbRating"":""7.4"",""imdbVotes"":""619,057"",""imdbID"":""tt2911666"",""Type"":""movie"",""DVD"":""03 Feb 2015"",""BoxOffice"":""$43,037,835"",""Production"":""N/A"",""Website"":""N/A"",""Response"":""True""}"
155,611,7105,3901,3901,test_1h85ap6c9mtlt_search,apikey=anonymous;i=tt11198336;,search,/,GET,,,,,200,True,none,"{""Title"":""The Rogue Prince"",""Year"":""2022"",""Rated"":""TV-MA"",""Released"":""28 Aug 2022"",""Season"":""1"",""Episode"":""2"",""Runtime"":""54 min"",""Genre"":""Action, Adventure, Drama"",""Director"":""Greg Yaitanes"",""Writer"":""George R.R. Martin, Ryan J. Condal"",""Actors"":""Paddy Considine, Matt Smith, Rhys Ifans"",""Plot"":""Rhaenyra oversteps at the Small Council. Viserys is urged to secure the succession through marriage. Daemon announces his intentions."",""Language"":""English"",""Country"":""United States"",""Awards"":""N/A"",""Poster"":""https://m.media-amazon.com/images/M/MV5BZmFhYzRlM2YtY2EyYS00YTZiLTkzZGYtZTkxMWNhYTMxMDg5XkEyXkFqcGdeQXVyMjk3NTUyOTc@._V1_SX300.jpg"",""Ratings"":[{""Source"":""Internet Movie Database"",""Value"":""8.5/10""}],""Metascore"":""N/A"",""imdbRating"":""8.5"",""imdbVotes"":""26177"",""imdbID"":""tt11198336"",""seriesID"":""t11198330"",""Type"":""episode"",""Response"":""True""}"
78,729,1300,3933,3933,test_1ibec7mdqofue_search,r=json;t=The+Godfather;apikey=anonymous;plot=short;,search,/,GET,,,,,200,True,none,"{""Title"":""The Godfather"",""Year"":""1972"",""Rated"":""R"",""Released"":""24 Mar 1972"",""Runtime"":""175 min"",""Genre"":""Crime, Drama"",""Director"":""Francis Ford Coppola"",""Writer"":""Mario Puzo, Francis Ford Coppola"",""Actors"":""Marlon Brando, Al Pacino, James Caan"",""Plot"":""The aging patriarch of an organized crime dynasty in postwar New York City transfers control of his clandestine empire to his reluctant youngest son."",""Language"":""English, Italian, Latin"",""Country"":""United States"",""Awards"":""Won 3 Oscars. 31 wins & 30 nominations total"",""Poster"":""https://m.media-amazon.com/images/M/MV5BM2MyNjYxNmUtYTAwNi00MTYxLWJmNWYtYzZlODY3ZTk3OTFlXkEyXkFqcGdeQXVyNzkwMjQ5NzM@._V1_SX300.jpg"",""Ratings"":[{""Source"":""Internet Movie Database"",""Value"":""9.2/10""},{""Source"":""Rotten Tomatoes"",""Value"":""97%""},{""Source"":""Metacritic"",""Value"":""100/100""}],""Metascore"":""100"",""imdbRating"":""9.2"",""imdbVotes"":""1,823,905"",""imdbID"":""tt0068646"",""Type"":""movie"",""DVD"":""11 May 2004"",""BoxOffice"":""$136,381,073"",""Production"":""N/A"",""Website"":""N/A"",""Response"":""True""}"
407,124,6870,2394,2394,test_1jicrm0zpkh80_search,apikey=anonymous;i=tt3984176;,search,/,GET,,,,,200,True,none,"{""Title"":""The Gang Hits the Slopes"",""Year"":""2016"",""Rated"":""TV-MA"",""Released"":""20 Jan 2016"",""Season"":""N/A"",""Episode"":""N/A"",""Runtime"":""23 min"",""Genre"":""Comedy"",""Director"":""Heath Cullens"",""Writer"":""Rob McElhenney, Glenn Howerton, Dave Chernin"",""Actors"":""Charlie Day, Glenn Howerton, Rob McElhenney"",""Plot"":""Dennis and Frank square off against Dee and Mac for control of the mountain, while Charlie learns that the slopes have their own set of rules."",""Language"":""English"",""Country"":""United States"",""Awards"":""N/A"",""Poster"":""https://m.media-amazon.com/images/M/MV5BMjgyZTVhMzQtZGRmZS00MjkwLTk5OGQtMjMzZGEyYmE0MjE4XkEyXkFqcGdeQXVyNTA1ODEzMzI@._V1_SX300.jpg"",""Ratings"":[{""Source"":""Internet Movie Database"",""Value"":""8.5/10""}],""Metascore"":""N/A"",""imdbRating"":""8.5"",""imdbVotes"":""2750"",""imdbID"":""tt3984176"",""seriesID"":""N/A"",""Type"":""episode"",""Response"":""True""}"
190,758,6123,6680,6680,test_1hbirbl4wkk10_search,r=json;apikey=anonymous;plot=short;i=tt11866324;type=episode;,search,/,GET,,,,,200,True,none,"{""Title"":""Prey"",""Year"":""2022"",""Rated"":""R"",""Released"":""05 Aug 2022"",""Runtime"":""99 min"",""Genre"":""Action, Adventure, Drama"",""Director"":""Dan Trachtenberg"",""Writer"":""Patrick Aison, Dan Trachtenberg, Jim Thomas"",""Actors"":""Amber Midthunder, Dakota Beavers, Dane DiLiegro"",""Plot"":""Naru, a skilled warrior of the Comanche Nation, fights to protect her tribe against one of the first highly-evolved Predators to land on Earth."",""Language"":""English, North American Indian, French"",""Country"":""United States"",""Awards"":""N/A"",""Poster"":""https://m.media-amazon.com/images/M/MV5BMDBlMDYxMDktOTUxMS00MjcxLWE2YjQtNjNhMjNmN2Y3ZDA1XkEyXkFqcGdeQXVyMTM1MTE1NDMx._V1_SX300.jpg"",""Ratings"":[{""Source"":""Internet Movie Database"",""Value"":""7.2/10""},{""Source"":""Rotten Tomatoes"",""Value"":""93%""},{""Source"":""Metacritic"",""Value"":""71/100""}],""Metascore"":""71"",""imdbRating"":""7.2"",""imdbVotes"":""155,701"",""imdbID"":""tt11866324"",""Type"":""movie"",""DVD"":""05 Aug 2022"",""BoxOffice"":""N/A"",""Production"":""N/A"",""Website"":""N/A"",""Response"":""True""}"
327,558,7896,12148,12148,test_1iev1lsfub4fn_search,t=Sin+eater;apikey=anonymous;plot=short;type=movie;,search,/,GET,,,,,200,True,none,"{""Title"":""Sin Eater"",""Year"":""2022"",""Rated"":""N/A"",""Released"":""15 Mar 2022"",""Runtime"":""85 min"",""Genre"":""Horror, Thriller"",""Director"":""Carmelo Chimera"",""Writer"":""Carmelo Chimera, Nicholas Chimera, Robert O'Neal"",""Actors"":""Jessie Nerud, Danny Bohnen, Scotty Bohnen"",""Plot"":""Christine finds herself in a town harboring a dark secret. As she tries to recuperate, she begins to discover bizarre religious phenomena around her."",""Language"":""English"",""Country"":""United States"",""Awards"":""1 win"",""Poster"":""https://m.media-amazon.com/images/M/MV5BNGNlYTc3OTQtOWI5YS00NGU0LTk1NDgtOGE0NjhjMWU3YWE3XkEyXkFqcGdeQXVyMTQ2OTU2OTQ@._V1_SX300.jpg"",""Ratings"":[{""Source"":""Internet Movie Database"",""Value"":""3.0/10""}],""Metascore"":""N/A"",""imdbRating"":""3.0"",""imdbVotes"":""228"",""imdbID"":""tt11667808"",""Type"":""movie"",""DVD"":""15 Mar 2022"",""BoxOffice"":""N/A"",""Production"":""N/A"",""Website"":""N/A"",""Response"":""True""}"
334,571,3025,1732,1732,test_qxzduxi8wf3a_search,r=json;apikey=anonymous;i=tt11198338;y=2015;,search,/,GET,,,,,200,True,none,"{""Title"":""Second of His Name"",""Year"":""2022"",""Rated"":""TV-MA"",""Released"":""04 Sep 2022"",""Season"":""1"",""Episode"":""3"",""Runtime"":""58 min"",""Genre"":""Action, Adventure, Drama"",""Director"":""Greg Yaitanes"",""Writer"":""Gabe Fonseca, Ryan J. Condal, George R.R. Martin"",""Actors"":""Paddy Considine, Olivia Cooke, Emma D'Arcy"",""Plot"":""N/A"",""Language"":""English"",""Country"":""United States"",""Awards"":""N/A"",""Poster"":""https://m.media-amazon.com/images/M/MV5BZWQwOTRjNGYtYWFiOS00MjEzLWFmMDUtOTQ4Y2RjNzc4NTNiXkEyXkFqcGdeQXVyMjk3NTUyOTc@._V1_SX300.jpg"",""Ratings"":[],""Metascore"":""N/A"",""imdbRating"":""N/A"",""imdbVotes"":""N/A"",""imdbID"":""tt11198338"",""seriesID"":""t11198330"",""Type"":""episode"",""Response"":""True""}"
11,286,5899,8417,8417,test_qe9dmyvkphkk_search,r=json;apikey=anonymous;i=tt0372784;y=2015;,search,/,GET,,,,,200,True,none,"{""Title"":""Batman Begins"",""Year"":""2005"",""Rated"":""PG-13"",""Released"":""15 Jun 2005"",""Runtime"":""140 min"",""Genre"":""Action, Crime, Drama"",""Director"":""Christopher Nolan"",""Writer"":""Bob Kane, David S. Goyer, Christopher Nolan"",""Actors"":""Christian Bale, Michael Caine, Ken Watanabe"",""Plot"":""After training with his mentor, Batman begins his fight to free crime-ridden Gotham City from corruption."",""Language"":""English, Mandarin"",""Country"":""United States, United Kingdom"",""Awards"":""Nominated for 1 Oscar. 13 wins & 79 nominations total"",""Poster"":""https://m.media-amazon.com/images/M/MV5BOTY4YjI2N2MtYmFlMC00ZjcyLTg3YjEtMDQyM2ZjYzQ5YWFkXkEyXkFqcGdeQXVyMTQxNzMzNDI@._V1_SX300.jpg"",""Ratings"":[{""Source"":""Internet Movie Database"",""Value"":""8.2/10""},{""Source"":""Rotten Tomatoes"",""Value"":""84%""},{""Source"":""Metacritic"",""Value"":""70/100""}],""Metascore"":""70"",""imdbRating"":""8.2"",""imdbVotes"":""1,452,552"",""imdbID"":""tt0372784"",""Type"":""movie"",""DVD"":""18 Oct 2005"",""BoxOffice"":""$206,863,479"",""Production"":""N/A"",""Website"":""N/A"",""Response"":""True""}"
415,191,5349,6454,6454,test_qec48xcerv3o_search,apikey=anonymous;plot=full;i=tt16091638;,search,/,GET,,,,,200,True,none,"{""Title"":""Christmas Crime"",""Year"":""2021"",""Rated"":""TV-14"",""Released"":""19 Dec 2021"",""Season"":""20"",""Episode"":""10"",""Runtime"":""22 min"",""Genre"":""Animation, Comedy"",""Director"":""Mike Kim"",""Writer"":""Seth MacFarlane, David Zuckerman, Steve Callaghan"",""Actors"":""Seth MacFarlane, Alex Borstein, Seth Green"",""Plot"":""Brian is accused of ruining Mayor West's nativity scene."",""Language"":""English"",""Country"":""United States"",""Awards"":""N/A"",""Poster"":""https://m.media-amazon.com/images/M/MV5BMjM1NjVlODEtYzkyYy00ZjQ2LTlmMDYtZWFlYTZmNWIwMjcwXkEyXkFqcGdeQXVyMjYwNDA2MDE@._V1_SX300.jpg"",""Ratings"":[{""Source"":""Internet Movie Database"",""Value"":""6.8/10""}],""Metascore"":""N/A"",""imdbRating"":""6.8"",""imdbVotes"":""488"",""imdbID"":""tt16091638"",""seriesID"":""tt0182576"",""Type"":""episode"",""Response"":""True""}"
112,239,8223,4088,4088,test_skkicyp8ijxi_search,r=json;apikey=anonymous;plot=full;i=tt0110912;,search,/,GET,,,,,200,True,none,"{""Title"":""Pulp Fiction"",""Year"":""1994"",""Rated"":""R"",""Released"":""14 Oct 1994"",""Runtime"":""154 min"",""Genre"":""Crime, Drama"",""Director"":""Quentin Tarantino"",""Writer"":""Quentin Tarantino, Roger Avary"",""Actors"":""John Travolta, Uma Thurman, Samuel L. Jackson"",""Plot"":""Jules Winnfield (Samuel L. Jackson) and Vincent Vega (John Travolta) are two hit men who are out to retrieve a suitcase stolen from their employer, mob boss Marsellus Wallace (Ving Rhames). Wallace has also asked Vincent to take his wife Mia (Uma Thurman) out a few days later when Wallace himself will be out of town. Butch Coolidge (Bruce Willis) is an aging boxer who is paid by Wallace to lose his fight. The lives of these seemingly unrelated people are woven together comprising of a series of funny, bizarre and uncalled-for incidents."",""Language"":""English, Spanish, French"",""Country"":""United States"",""Awards"":""Won 1 Oscar. 70 wins & 75 nominations total"",""Poster"":""https://m.media-amazon.com/images/M/MV5BNGNhMDIzZTUtNTBlZi00MTRlLWFjM2ItYzViMjE3YzI5MjljXkEyXkFqcGdeQXVyNzkwMjQ5NzM@._V1_SX300.jpg"",""Ratings"":[{""Source"":""Internet Movie Database"",""Value"":""8.9/10""},{""Source"":""Rotten Tomatoes"",""Value"":""92%""},{""Source"":""Metacritic"",""Value"":""94/100""}],""Metascore"":""94"",""imdbRating"":""8.9"",""imdbVotes"":""2,014,735"",""imdbID"":""tt0110912"",""Type"":""movie"",""DVD"":""20 Aug 2002"",""BoxOffice"":""$107,928,762"",""Production"":""N/A"",""Website"":""N/A"",""Response"":""True""}"
152,361,3808,10185,10185,test_1h7j5adxmi52u_search,t=I+Wanna+Dance+with+Somebody;apikey=anonymous;,search,/,GET,,,,,200,True,none,"{""Title"":""I Wanna Dance with Somebody"",""Year"":""2022"",""Rated"":""N/A"",""Released"":""21 Dec 2022"",""Runtime"":""2 min"",""Genre"":""Biography, Drama, Music"",""Director"":""Kasi Lemmons"",""Writer"":""Anthony McCarten"",""Actors"":""Stanley Tucci, Clarke Peters, Tamara Tunie"",""Plot"":""The joyous, emotional, heartbreaking celebration of the life and music of Whitney Houston, the greatest female R&amp;B pop vocalist of all time. Tracking her journey from obscurity to musical superstardom."",""Language"":""English"",""Country"":""United States"",""Awards"":""N/A"",""Poster"":""https://m.media-amazon.com/images/M/MV5BODY5OGI0MzYtZTdkMi00NjU1LTkzYjAtNDA5M2ZlYjFlODgzXkEyXkFqcGdeQXVyODk4OTc3MTY@._V1_SX300.jpg"",""Ratings"":[],""Metascore"":""N/A"",""imdbRating"":""N/A"",""imdbVotes"":""N/A"",""imdbID"":""tt12193804"",""Type"":""movie"",""DVD"":""N/A"",""BoxOffice"":""N/A"",""Production"":""N/A"",""Website"":""N/A"",""Response"":""True""}"
320,356,67,7658,7658,test_vbce79rybs55_search,t=V+for+Vendetta;apikey=anonymous;plot=short;,search,/,GET,,,,,200,True,none,"{""Title"":""V for Vendetta"",""Year"":""2005"",""Rated"":""R"",""Released"":""17 Mar 2006"",""Runtime"":""132 min"",""Genre"":""Action, Drama, Sci-Fi"",""Director"":""James McTeigue"",""Writer"":""Lilly Wachowski, Lana Wachowski, David Lloyd"",""Actors"":""Hugo Weaving, Natalie Portman, Rupert Graves"",""Plot"":""In a future British dystopian society, a shadowy freedom fighter, known only by the alias of \""V\"", plots to overthrow the tyrannical government - with the help of a young woman."",""Language"":""English"",""Country"":""United States, United Kingdom, Germany"",""Awards"":""7 wins & 29 nominations"",""Poster"":""https://m.media-amazon.com/images/M/MV5BOTI5ODc3NzExNV5BMl5BanBnXkFtZTcwNzYxNzQzMw@@._V1_SX300.jpg"",""Ratings"":[{""Source"":""Internet Movie Database"",""Value"":""8.2/10""},{""Source"":""Rotten Tomatoes"",""Value"":""73%""},{""Source"":""Metacritic"",""Value"":""62/100""}],""Metascore"":""62"",""imdbRating"":""8.2"",""imdbVotes"":""1,112,280"",""imdbID"":""tt0434409"",""Type"":""movie"",""DVD"":""01 Aug 2006"",""BoxOffice"":""$70,511,035"",""Production"":""N/A"",""Website"":""N/A"",""Response"":""True""}"
234,312,9140,12544,12544,test_rhr4w3f6xgdu_search,apikey=anonymous;plot=short;i=tt16492678;y=2003;,search,/,GET,,,,,200,True,none,"{""Title"":""Demon Slayer: Kimetsu no Yaiba - Tsuzumi Mansion Arc"",""Year"":""2021"",""Rated"":""N/A"",""Released"":""07 Oct 2021"",""Runtime"":""87 min"",""Genre"":""Animation, Action, Fantasy"",""Director"":""Haruo Sotozaki"",""Writer"":""Koyoharu Gotouge"",""Actors"":""N/A"",""Plot"":""Tanjiro ventures to the south-southeast where he encounters a cowardly young man named Zenitsu Agatsuma. He is a fellow survivor from Final Selection and his sparrow asks Tanjiro to help keep him in line."",""Language"":""Japanese"",""Country"":""Japan"",""Awards"":""N/A"",""Poster"":""https://m.media-amazon.com/images/M/MV5BOWNmNWY5YTMtMjk0Yy00YmU2LWFhOWYtYWFmMDZmY2E2MDViXkEyXkFqcGdeQXVyOTA2OTk0MDg@._V1_SX300.jpg"",""Ratings"":[{""Source"":""Internet Movie Database"",""Value"":""9.0/10""}],""Metascore"":""N/A"",""imdbRating"":""9.0"",""imdbVotes"":""10,464"",""imdbID"":""tt16492678"",""Type"":""movie"",""DVD"":""N/A"",""BoxOffice"":""N/A"",""Production"":""N/A"",""Website"":""N/A"",""Response"":""True""}"
309,133,2580,12725,12725,test_s0uj8uibchuu_search,r=json;t=The+Lord+of+the+Rings%3A+The+Fellowship+of+the+Ring;apikey=anonymous;,search,/,GET,,,,,200,True,none,"{""Title"":""The Lord of the Rings: The Fellowship of the Ring"",""Year"":""2001"",""Rated"":""PG-13"",""Released"":""19 Dec 2001"",""Runtime"":""178 min"",""Genre"":""Action, Adventure, Drama"",""Director"":""Peter Jackson"",""Writer"":""J.R.R. Tolkien, Fran Walsh, Philippa Boyens"",""Actors"":""Elijah Wood, Ian McKellen, Orlando Bloom"",""Plot"":""A meek Hobbit from the Shire and eight companions set out on a journey to destroy the powerful One Ring and save Middle-earth from the Dark Lord Sauron."",""Language"":""English, Sindarin"",""Country"":""New Zealand, United States"",""Awards"":""Won 4 Oscars. 121 wins & 126 nominations total"",""Poster"":""https://m.media-amazon.com/images/M/MV5BN2EyZjM3NzUtNWUzMi00MTgxLWI0NTctMzY4M2VlOTdjZWRiXkEyXkFqcGdeQXVyNDUzOTQ5MjY@._V1_SX300.jpg"",""Ratings"":[{""Source"":""Internet Movie Database"",""Value"":""8.8/10""},{""Source"":""Rotten Tomatoes"",""Value"":""91%""},{""Source"":""Metacritic"",""Value"":""92/100""}],""Metascore"":""92"",""imdbRating"":""8.8"",""imdbVotes"":""1,827,055"",""imdbID"":""tt0120737"",""Type"":""movie"",""DVD"":""06 Aug 2002"",""BoxOffice"":""$316,115,420"",""Production"":""N/A"",""Website"":""N/A"",""Response"":""True""}"
122,868,6861,7256,7256,test_1jy87jz0i06le_search,apikey=anonymous;plot=short;i=tt0096697;y=2019;,search,/,GET,,,,,200,True,none,"{""Title"":""The Simpsons"",""Year"":""1989–"",""Rated"":""TV-14"",""Released"":""17 Dec 1989"",""Runtime"":""22 min"",""Genre"":""Animation, Comedy"",""Director"":""N/A"",""Writer"":""James L. Brooks, Matt Groening, Sam Simon"",""Actors"":""Dan Castellaneta, Nancy Cartwright, Harry Shearer"",""Plot"":""The satiric adventures of a working-class family in the misfit city of Springfield."",""Language"":""English"",""Country"":""United States"",""Awards"":""Won 35 Primetime Emmys. 178 wins & 343 nominations total"",""Poster"":""https://m.media-amazon.com/images/M/MV5BYjFkMTlkYWUtZWFhNy00M2FmLThiOTYtYTRiYjVlZWYxNmJkXkEyXkFqcGdeQXVyNTAyODkwOQ@@._V1_SX300.jpg"",""Ratings"":[{""Source"":""Internet Movie Database"",""Value"":""8.7/10""},{""Source"":""Rotten Tomatoes"",""Value"":""89%""}],""Metascore"":""N/A"",""imdbRating"":""8.7"",""imdbVotes"":""400,884"",""imdbID"":""tt0096697"",""Type"":""series"",""totalSeasons"":""34"",""Response"":""True""}"
193,419,9348,6836,6836,test_1hrjr2cbxxxly_search,r=json;apikey=anonymous;plot=short;i=tt0898266;type=episode;,search,/,GET,,,,,200,True,none,"{""Title"":""The Big Bang Theory"",""Year"":""2007–2019"",""Rated"":""TV-PG"",""Released"":""01 May 2006"",""Runtime"":""22 min"",""Genre"":""Comedy, Romance"",""Director"":""N/A"",""Writer"":""Chuck Lorre, Bill Prady"",""Actors"":""Johnny Galecki, Jim Parsons, Kaley Cuoco"",""Plot"":""A woman who moves into an apartment across the hall from two brilliant but socially awkward physicists shows them how little they know about life outside of the laboratory."",""Language"":""English, Hindi, Italian, Russian, Mandarin, Klingon"",""Country"":""United States"",""Awards"":""Won 10 Primetime Emmys. 79 wins & 252 nominations total"",""Poster"":""https://m.media-amazon.com/images/M/MV5BY2FmZTY5YTktOWRlYy00NmIyLWE0ZmQtZDg2YjlmMzczZDZiXkEyXkFqcGdeQXVyNjg4NzAyOTA@._V1_SX300.jpg"",""Ratings"":[{""Source"":""Internet Movie Database"",""Value"":""8.2/10""}],""Metascore"":""N/A"",""imdbRating"":""8.2"",""imdbVotes"":""797,936"",""imdbID"":""tt0898266"",""Type"":""series"",""totalSeasons"":""12"",""Response"":""True""}"
438,723,3800,6728,6728,test_1iempklign5ti_search,t=Fight+Club;apikey=anonymous;plot=full;y=2010;,search,/,GET,,,,,200,True,none,"{""Title"":""Florence Fight Club"",""Year"":""2010"",""Rated"":""TV-PG"",""Released"":""N/A"",""Runtime"":""83 min"",""Genre"":""Documentary, Action, Adventure"",""Director"":""Rovero Impiglia, Luigi Maria Perotti"",""Writer"":""Rovero Impiglia, Luigi Maria Perotti"",""Actors"":""N/A"",""Plot"":""Four men decided to enter in the oldest Fight Club of the History, The Florentine Football tournament. A father and son, a black guy, an old champion and outsider clerk will enter in an arena of the time to win their fears, to go over their limits, to be heroes for a day."",""Language"":""Italian"",""Country"":""Italy"",""Awards"":""N/A"",""Poster"":""https://m.media-amazon.com/images/M/MV5BNGNkNzdjZGEtMTU2YS00NmQ4LWFjMDQtODc1M2YwNjZkZmE4XkEyXkFqcGdeQXVyNTM3MDMyMDQ@._V1_SX300.jpg"",""Ratings"":[{""Source"":""Internet Movie Database"",""Value"":""7.1/10""}],""Metascore"":""N/A"",""imdbRating"":""7.1"",""imdbVotes"":""39"",""imdbID"":""tt1614969"",""Type"":""movie"",""DVD"":""10 Mar 2017"",""BoxOffice"":""N/A"",""Production"":""N/A"",""Website"":""N/A"",""Response"":""True""}"
85,910,5280,3427,3427,test_1iexqby3a8ks0_search,apikey=anonymous;plot=short;i=tt3032476;,search,/,GET,,,,,200,True,none,"{""Title"":""Better Call Saul"",""Year"":""2015–2022"",""Rated"":""TV-MA"",""Released"":""08 Feb 2015"",""Runtime"":""46 min"",""Genre"":""Crime, Drama"",""Director"":""N/A"",""Writer"":""Vince Gilligan, Peter Gould"",""Actors"":""Bob Odenkirk, Rhea Seehorn, Jonathan Banks"",""Plot"":""The trials and tribulations of criminal lawyer Jimmy McGill before his fateful run-in with Walter White and Jesse Pinkman."",""Language"":""English, Spanish, Vietnamese"",""Country"":""United States"",""Awards"":""Nominated for 46 Primetime Emmys. 40 wins & 241 nominations total"",""Poster"":""https://m.media-amazon.com/images/M/MV5BMTMxOGM0NzItM2E0OS00YWYzLWEzNzUtODUzZTBjM2I4MTZkXkEyXkFqcGdeQXVyMTM1MTE1NDMx._V1_SX300.jpg"",""Ratings"":[{""Source"":""Internet Movie Database"",""Value"":""8.9/10""}],""Metascore"":""N/A"",""imdbRating"":""8.9"",""imdbVotes"":""484,642"",""imdbID"":""tt3032476"",""Type"":""series"",""totalSeasons"":""6"",""Response"":""True""}"
14,215,1773,1737,1737,test_s4p39ehbhicx_search,r=json;apikey=anonymous;plot=short;i=tt0047478;y=1999;,search,/,GET,,,,,200,True,none,"{""Title"":""Seven Samurai"",""Year"":""1954"",""Rated"":""Not Rated"",""Released"":""19 Nov 1956"",""Runtime"":""207 min"",""Genre"":""Action, Drama"",""Director"":""Akira Kurosawa"",""Writer"":""Akira Kurosawa, Shinobu Hashimoto, Hideo Oguni"",""Actors"":""Toshirô Mifune, Takashi Shimura, Keiko Tsushima"",""Plot"":""Farmers from a village exploited by bandits hire a veteran samurai for protection, who gathers six other samurai to join him. As the samurai teach the peasants how to defend themselves, the village is attacked by an army of bandits."",""Language"":""Japanese"",""Country"":""Japan"",""Awards"":""Nominated for 2 Oscars. 5 wins & 8 nominations total"",""Poster"":""https://m.media-amazon.com/images/M/MV5BNWQ3OTM4ZGItMWEwZi00MjI5LWI3YzgtNTYwNWRkNmIzMGI5XkEyXkFqcGdeQXVyNDY2MTk1ODk@._V1_SX300.jpg"",""Ratings"":[{""Source"":""Internet Movie Database"",""Value"":""8.6/10""},{""Source"":""Rotten Tomatoes"",""Value"":""100%""},{""Source"":""Metacritic"",""Value"":""98/100""}],""Metascore"":""98"",""imdbRating"":""8.6"",""imdbVotes"":""342,946"",""imdbID"":""tt0047478"",""Type"":""movie"",""DVD"":""05 Sep 2006"",""BoxOffice"":""$318,649"",""Production"":""N/A"",""Website"":""N/A"",""Response"":""True""}"
104,84,9253,2477,2477,test_t4sxwyf1wcwx_search,r=json;apikey=anonymous;plot=short;i=tt3032476;,search,/,GET,,,,,200,True,none,"{""Title"":""Better Call Saul"",""Year"":""2015–2022"",""Rated"":""TV-MA"",""Released"":""08 Feb 2015"",""Runtime"":""46 min"",""Genre"":""Crime, Drama"",""Director"":""N/A"",""Writer"":""Vince Gilligan, Peter Gould"",""Actors"":""Bob Odenkirk, Rhea Seehorn, Jonathan Banks"",""Plot"":""The trials and tribulations of criminal lawyer Jimmy McGill before his fateful run-in with Walter White and Jesse Pinkman."",""Language"":""English, Spanish, Vietnamese"",""Country"":""United States"",""Awards"":""Nominated for 46 Primetime Emmys. 40 wins & 241 nominations total"",""Poster"":""https://m.media-amazon.com/images/M/MV5BMTMxOGM0NzItM2E0OS00YWYzLWEzNzUtODUzZTBjM2I4MTZkXkEyXkFqcGdeQXVyMTM1MTE1NDMx._V1_SX300.jpg"",""Ratings"":[{""Source"":""Internet Movie Database"",""Value"":""8.9/10""}],""Metascore"":""N/A"",""imdbRating"":""8.9"",""imdbVotes"":""484,642"",""imdbID"":""tt3032476"",""Type"":""series"",""totalSeasons"":""6"",""Response"":""True""}"
430,869,9259,1443,1443,test_qxiqvup0vygp_search,r=json;apikey=anonymous;i=tt11198330;y=1971;type=movie;,search,/,GET,,,,,200,True,none,"{""Title"":""House of the Dragon"",""Year"":""2022–"",""Rated"":""N/A"",""Released"":""21 Aug 2022"",""Runtime"":""N/A"",""Genre"":""Action, Adventure, Drama"",""Director"":""N/A"",""Writer"":""Ryan J. Condal, George R.R. Martin"",""Actors"":""Paddy Considine, Olivia Cooke, Emma D'Arcy"",""Plot"":""The story of the House Targaryen set 200 years before the events of Game of Thrones (2011)."",""Language"":""English"",""Country"":""United States"",""Awards"":""N/A"",""Poster"":""https://m.media-amazon.com/images/M/MV5BZDBkZjRiNGMtZGU2My00ODdkLWI0MGYtNGU4MmJjN2MzOTkxXkEyXkFqcGdeQXVyMDM2NDM2MQ@@._V1_SX300.jpg"",""Ratings"":[],""Metascore"":""N/A"",""imdbRating"":""N/A"",""imdbVotes"":""N/A"",""imdbID"":""tt11198330"",""Type"":""series"",""totalSeasons"":""1"",""Response"":""True""}"
397,514,4822,8392,8392,test_uvbx3ov60gfr_search,apikey=anonymous;plot=full;i=tt19268098;,search,/,GET,,,,,200,True,none,"{""Title"":""First Blood"",""Year"":""2022"",""Rated"":""TV-14"",""Released"":""15 May 2022"",""Season"":""20"",""Episode"":""19"",""Runtime"":""22 min"",""Genre"":""Animation, Comedy"",""Director"":""Mike Kim"",""Writer"":""Seth MacFarlane, David Zuckerman, Alex Carter"",""Actors"":""Seth MacFarlane, Alex Borstein, Seth Green"",""Plot"":""Peter and the guys test their physical prowess at Mayor West's dude ranch; Stewie believes he's gotten his first period."",""Language"":""English"",""Country"":""United States"",""Awards"":""N/A"",""Poster"":""https://m.media-amazon.com/images/M/MV5BYTM0ODc5MDUtZTk1OS00M2ViLTg4ODYtMDQ5MjUwOGZlZGE4XkEyXkFqcGdeQXVyMjYwNDA2MDE@._V1_SX300.jpg"",""Ratings"":[{""Source"":""Internet Movie Database"",""Value"":""6.2/10""}],""Metascore"":""N/A"",""imdbRating"":""6.2"",""imdbVotes"":""376"",""imdbID"":""tt19268098"",""seriesID"":""tt0182576"",""Type"":""episode"",""Response"":""True""}"
151,5,2424,3378,3378,test_1iyi9q1bi1t89_search,t=The+Lord+of+the+Rings%3A+The+Return+of+the+King;apikey=anonymous;,search,/,GET,,,,,200,True,none,"{""Title"":""The Lord of the Rings: The Return of the King"",""Year"":""2003"",""Rated"":""PG-13"",""Released"":""17 Dec 2003"",""Runtime"":""201 min"",""Genre"":""Action, Adventure, Drama"",""Director"":""Peter Jackson"",""Writer"":""J.R.R. Tolkien, Fran Walsh, Philippa Boyens"",""Actors"":""Elijah Wood, Viggo Mortensen, Ian McKellen"",""Plot"":""Gandalf and Aragorn lead the World of Men against Sauron's army to draw his gaze from Frodo and Sam as they approach Mount Doom with the One Ring."",""Language"":""English, Quenya, Old English, Sindarin"",""Country"":""New Zealand, United States"",""Awards"":""Won 11 Oscars. 209 wins & 124 nominations total"",""Poster"":""https://m.media-amazon.com/images/M/MV5BNzA5ZDNlZWMtM2NhNS00NDJjLTk4NDItYTRmY2EwMWZlMTY3XkEyXkFqcGdeQXVyNzkwMjQ5NzM@._V1_SX300.jpg"",""Ratings"":[{""Source"":""Internet Movie Database"",""Value"":""9.0/10""},{""Source"":""Rotten Tomatoes"",""Value"":""93%""},{""Source"":""Metacritic"",""Value"":""94/100""}],""Metascore"":""94"",""imdbRating"":""9.0"",""imdbVotes"":""1,805,351"",""imdbID"":""tt0167260"",""Type"":""movie"",""DVD"":""25 May 2004"",""BoxOffice"":""$378,251,207"",""Production"":""N/A"",""Website"":""N/A"",""Response"":""True""}"
240,470,7841,5621,5621,test_u87zkuv0bvoz_search,r=json;apikey=anonymous;plot=full;i=tt1442437;y=2022;type=movie;,search,/,GET,,,,,200,True,none,"{""Title"":""Modern Family"",""Year"":""2009–2020"",""Rated"":""TV-PG"",""Released"":""23 Sep 2009"",""Runtime"":""22 min"",""Genre"":""Comedy, Drama, Romance"",""Director"":""N/A"",""Writer"":""Steven Levitan, Christopher Lloyd"",""Actors"":""Ed O'Neill, Sofía Vergara, Julie Bowen"",""Plot"":""Told from the perspective of an unseen documentary filmmaker, the series offers an honest, often-hilarious perspective of family life. Parents Phil and Claire yearn for an honest, open relationship with their three kids, but a daughter who is trying to grow up too fast, another who is too smart for her own good, and a rambunctious young son make it challenging. Claire's dad Jay and his Latina wife Gloria are raising two sons together, but people sometimes believe Jay to be Gloria's father. Jay's gay son Mitchell and his partner Cameron have adopted a little Asian girl, completing one big -- straight, gay, multicultural, traditional -- happy family."",""Language"":""English, Spanish, Chinese, Italian"",""Country"":""United States"",""Awards"":""Won 22 Primetime Emmys. 119 wins & 384 nominations total"",""Poster"":""https://m.media-amazon.com/images/M/MV5BNzRhNWIxYTEtYjc2NS00YWFlLWFhOGEtMDZiMWM1M2RkNDkyXkEyXkFqcGdeQXVyNjc0MjkzNjc@._V1_SX300.jpg"",""Ratings"":[{""Source"":""Internet Movie Database"",""Value"":""8.5/10""}],""Metascore"":""N/A"",""imdbRating"":""8.5"",""imdbVotes"":""421,221"",""imdbID"":""tt1442437"",""Type"":""series"",""totalSeasons"":""11"",""Response"":""True""}"
380,10,3317,1619,1619,test_skvludii8qcm_search,r=json;apikey=anonymous;plot=full;i=tt4120524;y=1999;type=episode;,search,/,GET,,,,,200,True,none,"{""Title"":""The Scarecrow"",""Year"":""2015"",""Rated"":""TV-14"",""Released"":""09 Feb 2015"",""Season"":""1"",""Episode"":""15"",""Runtime"":""42 min"",""Genre"":""Action, Crime, Drama"",""Director"":""Nick Copus"",""Writer"":""Bruno Heller, Ken Woodruff"",""Actors"":""Ben McKenzie, Donal Logue, David Mazouz"",""Plot"":""Gordon and Bullock set out to stop Gerald Crane, a biology teacher who has been harvesting the glands of his murder victims. Meanwhile, after finding herself in an unusual setting, Mooney continues plotting to gain power, and Falc..."",""Language"":""English"",""Country"":""United States"",""Awards"":""N/A"",""Poster"":""https://m.media-amazon.com/images/M/MV5BMjM1MzE2Njc0OF5BMl5BanBnXkFtZTgwNDEwMzIzNDE@._V1_SX300.jpg"",""Ratings"":[],""Metascore"":""N/A"",""imdbRating"":""N/A"",""imdbVotes"":""3476"",""imdbID"":""tt4120524"",""seriesID"":""tt3749900"",""Type"":""episode"",""Response"":""True""}"
464,853,5669,10748,10748,test_qe117qw7za76_search,apikey=anonymous;plot=full;i=tt10838180;type=movie;,search,/,GET,,,,,200,True,none,"{""Title"":""The Matrix Resurrections"",""Year"":""2021"",""Rated"":""R"",""Released"":""22 Dec 2021"",""Runtime"":""148 min"",""Genre"":""Action, Sci-Fi"",""Director"":""Lana Wachowski"",""Writer"":""Lana Wachowski, David Mitchell, Aleksandar Hemon"",""Actors"":""Keanu Reeves, Carrie-Anne Moss, Yahya Abdul-Mateen II"",""Plot"":""Return to a world of two realities: one, everyday life; the other, what lies behind it. To find out if his reality is a construct, to truly know himself, Mr. Anderson will have to choose to follow the white rabbit once more."",""Language"":""English, French, Spanish, Japanese"",""Country"":""United States, Australia"",""Awards"":""Nominated for 1 BAFTA Award4 wins & 34 nominations total"",""Poster"":""https://m.media-amazon.com/images/M/MV5BMGJkNDJlZWUtOGM1Ny00YjNkLThiM2QtY2ZjMzQxMTIxNWNmXkEyXkFqcGdeQXVyMDM2NDM2MQ@@._V1_SX300.jpg"",""Ratings"":[{""Source"":""Internet Movie Database"",""Value"":""5.7/10""},{""Source"":""Rotten Tomatoes"",""Value"":""63%""},{""Source"":""Metacritic"",""Value"":""63/100""}],""Metascore"":""63"",""imdbRating"":""5.7"",""imdbVotes"":""239,919"",""imdbID"":""tt10838180"",""Type"":""movie"",""DVD"":""22 Dec 2021"",""BoxOffice"":""$37,686,805"",""Production"":""N/A"",""Website"":""N/A"",""Response"":""True""}"
305,655,4995,9142,9142,test_t4yy83p9y7ud_search,apikey=anonymous;i=tt12193804;y=2016;,search,/,GET,,,,,200,True,none,"{""Title"":""I Wanna Dance with Somebody"",""Year"":""2022"",""Rated"":""N/A"",""Released"":""21 Dec 2022"",""Runtime"":""2 min"",""Genre"":""Biography, Drama, Music"",""Director"":""Kasi Lemmons"",""Writer"":""Anthony McCarten"",""Actors"":""Stanley Tucci, Clarke Peters, Tamara Tunie"",""Plot"":""The joyous, emotional, heartbreaking celebration of the life and music of Whitney Houston, the greatest female R&amp;B pop vocalist of all time. Tracking her journey from obscurity to musical superstardom."",""Language"":""English"",""Country"":""United States"",""Awards"":""N/A"",""Poster"":""https://m.media-amazon.com/images/M/MV5BODY5OGI0MzYtZTdkMi00NjU1LTkzYjAtNDA5M2ZlYjFlODgzXkEyXkFqcGdeQXVyODk4OTc3MTY@._V1_SX300.jpg"",""Ratings"":[],""Metascore"":""N/A"",""imdbRating"":""N/A"",""imdbVotes"":""N/A"",""imdbID"":""tt12193804"",""Type"":""movie"",""DVD"":""N/A"",""BoxOffice"":""N/A"",""Production"":""N/A"",""Website"":""N/A"",""Response"":""True""}"
27,13,7182,2119,2119,test_1iyhs44bviurd_search,apikey=anonymous;plot=short;i=tt16513514;,search,/,GET,,,,,200,True,none,"{""Title"":""A Tale of Two Guns"",""Year"":""2022"",""Rated"":""N/A"",""Released"":""17 Feb 2022"",""Runtime"":""2 min"",""Genre"":""Western"",""Director"":""Justin Lee"",""Writer"":""Justin Lee"",""Actors"":""Tom Berenger, Casper Van Dien, Ed Morrone"",""Plot"":""In the lawless West, The Cowboys a notorious brotherhood of killers and thieves reigned over the land with brutal fists and fast guns. Fate had finally caught up with them - and now the merciless gang has but a single surviving me..."",""Language"":""English"",""Country"":""United States"",""Awards"":""N/A"",""Poster"":""https://m.media-amazon.com/images/M/MV5BMTBjMWU3OWUtYTE0Yy00YTZkLTllZGEtMDIwNDhiNjIxZmNkXkEyXkFqcGdeQXVyMTQwMDg5NjIw._V1_SX300.jpg"",""Ratings"":[{""Source"":""Internet Movie Database"",""Value"":""3.8/10""}],""Metascore"":""N/A"",""imdbRating"":""3.8"",""imdbVotes"":""204"",""imdbID"":""tt16513514"",""Type"":""movie"",""DVD"":""N/A"",""BoxOffice"":""N/A"",""Production"":""N/A"",""Website"":""N/A"",""Response"":""True""}"
391,537,9533,2010,2010,test_1jyd8ebfwah5t_search,apikey=anonymous;i=tt12412888;,search,/,GET,,,,,200,True,none,"{""Title"":""Sonic the Hedgehog 2"",""Year"":""2022"",""Rated"":""PG"",""Released"":""08 Apr 2022"",""Runtime"":""122 min"",""Genre"":""Action, Adventure, Comedy"",""Director"":""Jeff Fowler"",""Writer"":""Pat Casey, Josh Miller, John Whittington"",""Actors"":""James Marsden, Jim Carrey, Ben Schwartz"",""Plot"":""When the manic Dr Robotnik returns to Earth with a new ally, Knuckles the Echidna, Sonic and his new friend Tails is all that stands in their way."",""Language"":""English, Russian, French, Latin, Hawaiian, Greek"",""Country"":""United States, Japan"",""Awards"":""N/A"",""Poster"":""https://m.media-amazon.com/images/M/MV5BODRlNTY5ZjktZjE0Ni00YjZhLTk3NTItYzk0ZjYxN2QxMWEzXkEyXkFqcGdeQXVyMjMwNDgzNjc@._V1_SX300.jpg"",""Ratings"":[{""Source"":""Internet Movie Database"",""Value"":""6.5/10""},{""Source"":""Rotten Tomatoes"",""Value"":""69%""},{""Source"":""Metacritic"",""Value"":""47/100""}],""Metascore"":""47"",""imdbRating"":""6.5"",""imdbVotes"":""59,801"",""imdbID"":""tt12412888"",""Type"":""movie"",""DVD"":""24 May 2022"",""BoxOffice"":""$190,872,904"",""Production"":""N/A"",""Website"":""N/A"",""Response"":""True""}"
418,433,6330,8993,8993,test_vf6zee29l6i8_search,t=Blade+Runner;apikey=anonymous;,search,/,GET,,,,,200,True,none,"{""Title"":""Blade Runner"",""Year"":""1982"",""Rated"":""R"",""Released"":""25 Jun 1982"",""Runtime"":""117 min"",""Genre"":""Action, Drama, Sci-Fi"",""Director"":""Ridley Scott"",""Writer"":""Hampton Fancher, David Webb Peoples, Philip K. Dick"",""Actors"":""Harrison Ford, Rutger Hauer, Sean Young"",""Plot"":""A blade runner must pursue and terminate four replicants who stole a ship in space, and have returned to Earth to find their creator."",""Language"":""English, German, Cantonese, Japanese, Hungarian, Arabic, Korean"",""Country"":""United States"",""Awards"":""Nominated for 2 Oscars. 12 wins & 19 nominations total"",""Poster"":""https://m.media-amazon.com/images/M/MV5BNzQzMzJhZTEtOWM4NS00MTdhLTg0YjgtMjM4MDRkZjUwZDBlXkEyXkFqcGdeQXVyNjU0OTQ0OTY@._V1_SX300.jpg"",""Ratings"":[{""Source"":""Internet Movie Database"",""Value"":""8.1/10""},{""Source"":""Rotten Tomatoes"",""Value"":""89%""},{""Source"":""Metacritic"",""Value"":""84/100""}],""Metascore"":""84"",""imdbRating"":""8.1"",""imdbVotes"":""759,861"",""imdbID"":""tt0083658"",""Type"":""movie"",""DVD"":""30 Oct 2001"",""BoxOffice"":""$32,914,489"",""Production"":""N/A"",""Website"":""N/A"",""Response"":""True""}"
21,216,4653,2379,2379,test_1k1ugym5kx3cl_search,r=json;apikey=anonymous;i=tt7820276;y=1986;,search,/,GET,,,,,200,True,none,"{""Title"":""A Dark Knight: Mandatory Brunch Meeting"",""Year"":""2018"",""Rated"":""TV-14"",""Released"":""05 Apr 2018"",""Season"":""4"",""Episode"":""17"",""Runtime"":""43 min"",""Genre"":""Action, Crime, Drama"",""Director"":""Maja Vrvilo"",""Writer"":""Bruno Heller, Bob Kane, Bill Finger"",""Actors"":""Ben McKenzie, Donal Logue, David Mazouz"",""Plot"":""Gordon and Bullock try to stay one step ahead as Jerome zeros in on his next target. Meanwhile, Nygma hosts a riddle game show in the Narrows and faces his toughest challenger in Lee Thompkins, and Penguin goes to see Butch with a..."",""Language"":""English"",""Country"":""N/A"",""Awards"":""N/A"",""Poster"":""https://m.media-amazon.com/images/M/MV5BMzdiMTEwMTMtNTgzYS00MzJhLTgzNDQtOTk5Y2YyZjEwZWY0XkEyXkFqcGdeQXVyNTgyNDM1OTU@._V1_SX300.jpg"",""Ratings"":[{""Source"":""Internet Movie Database"",""Value"":""8.4/10""}],""Metascore"":""N/A"",""imdbRating"":""8.4"",""imdbVotes"":""1901"",""imdbID"":""tt7820276"",""seriesID"":""tt3749900"",""Type"":""episode"",""Response"":""True""}"
351,812,8768,5047,5047,test_qhvoo5kfkkmd_search,r=json;apikey=anonymous;i=tt2911666;,search,/,GET,,,,,200,True,none,"{""Title"":""John Wick"",""Year"":""2014"",""Rated"":""R"",""Released"":""24 Oct 2014"",""Runtime"":""101 min"",""Genre"":""Action, Crime, Thriller"",""Director"":""Chad Stahelski, David Leitch"",""Writer"":""Derek Kolstad"",""Actors"":""Keanu Reeves, Michael Nyqvist, Alfie Allen"",""Plot"":""An ex-hit-man comes out of retirement to track down the gangsters that killed his dog and took everything from him."",""Language"":""English, Russian, Hungarian"",""Country"":""United States, United Kingdom, China"",""Awards"":""5 wins & 10 nominations"",""Poster"":""https://m.media-amazon.com/images/M/MV5BMTU2NjA1ODgzMF5BMl5BanBnXkFtZTgwMTM2MTI4MjE@._V1_SX300.jpg"",""Ratings"":[{""Source"":""Internet Movie Database"",""Value"":""7.4/10""},{""Source"":""Rotten Tomatoes"",""Value"":""86%""},{""Source"":""Metacritic"",""Value"":""68/100""}],""Metascore"":""68"",""imdbRating"":""7.4"",""imdbVotes"":""619,057"",""imdbID"":""tt2911666"",""Type"":""movie"",""DVD"":""03 Feb 2015"",""BoxOffice"":""$43,037,835"",""Production"":""N/A"",""Website"":""N/A"",""Response"":""True""}"
92,821,8979,4401,4401,test_t8cep525tttl_search,apikey=anonymous;i=tt1027449;,search,/,GET,,,,,200,True,none,"{""Title"":""The Gang Gets Held Hostage"",""Year"":""2007"",""Rated"":""TV-MA"",""Released"":""20 Sep 2007"",""Season"":""3"",""Episode"":""4"",""Runtime"":""30 min"",""Genre"":""Comedy"",""Director"":""Fred Savage"",""Writer"":""Rob McElhenney, Glenn Howerton, Lisa Parsons"",""Actors"":""Charlie Day, Glenn Howerton, Rob McElhenney"",""Plot"":""The McPoyle brothers and sister Margaret take the gang hostage at Paddy's, raising the stakes to a new level in the feud between the two groups."",""Language"":""English"",""Country"":""United States"",""Awards"":""N/A"",""Poster"":""https://m.media-amazon.com/images/M/MV5BMTU5OTg4ODA2NV5BMl5BanBnXkFtZTcwNjc5MTk4NA@@._V1_SX300.jpg"",""Ratings"":[{""Source"":""Internet Movie Database"",""Value"":""8.9/10""}],""Metascore"":""N/A"",""imdbRating"":""8.9"",""imdbVotes"":""3207"",""imdbID"":""tt1027449"",""seriesID"":""tt0472954"",""Type"":""episode"",""Response"":""True""}"
354,887,9595,12089,12089,test_1hbaf5em1irzp_search,r=json;apikey=anonymous;i=tt8772218;y=2004;type=series;,search,/,GET,,,,,200,True,none,"{""Title"":""Bagman"",""Year"":""2020"",""Rated"":""TV-MA"",""Released"":""06 Apr 2020"",""Season"":""5"",""Episode"":""8"",""Runtime"":""54 min"",""Genre"":""Crime, Drama"",""Director"":""Vince Gilligan"",""Writer"":""Vince Gilligan, Peter Gould, Gordon Smith"",""Actors"":""Bob Odenkirk, Jonathan Banks, Rhea Seehorn"",""Plot"":""When a simple errand for a client goes sideways, Jimmy is pushed to the limit; Mike takes measures to contain the wrath of the cartel; Lalo gets an unexpected visitor."",""Language"":""English"",""Country"":""United States"",""Awards"":""N/A"",""Poster"":""https://m.media-amazon.com/images/M/MV5BM2UzNWM2MDAtYTUwMC00NzUxLWI4NjAtMDY1YmRmNjg3MDJlXkEyXkFqcGdeQXVyNjczOTE0MzM@._V1_SX300.jpg"",""Ratings"":[{""Source"":""Internet Movie Database"",""Value"":""9.7/10""}],""Metascore"":""N/A"",""imdbRating"":""9.7"",""imdbVotes"":""21299"",""imdbID"":""tt8772218"",""seriesID"":""tt3032476"",""Type"":""episode"",""Response"":""True""}"
293,593,7183,1712,1712,test_skvm5ti1i987_search,t=Blade+Runner;apikey=anonymous;plot=full;,search,/,GET,,,,,200,True,none,"{""Title"":""Blade Runner"",""Year"":""1982"",""Rated"":""R"",""Released"":""25 Jun 1982"",""Runtime"":""117 min"",""Genre"":""Action, Drama, Sci-Fi"",""Director"":""Ridley Scott"",""Writer"":""Hampton Fancher, David Webb Peoples, Philip K. Dick"",""Actors"":""Harrison Ford, Rutger Hauer, Sean Young"",""Plot"":""In the early twenty-first century, the Tyrell Corporation, during what was called the Nexus phase, developed robots, called \""replicants\"", that were supposed to aid society, the replicants which looked and acted like humans. When the superhuman generation Nexus 6 replicants, used for dangerous off-Earth endeavors, began a mutiny on an off-Earth colony, replicants became illegal on Earth. Police units, called \""blade runners\"", have the job of destroying - or in their parlance \""retiring\"" - any replicant that makes its way back to or created on Earth, with anyone convicted of aiding or assisting a replicant being sentenced to death. It's now November, 2019 in Los Angeles, California. Rick Deckard, a former blade runner, is called out of retirement when four known replicants, most combat models, have made their way back to Earth, with their leader being Roy Batty. One, Leon Kowalski, tried to infiltrate his way into the Tyrell Corporation as an employee, but has since been able to escape. Beyond following Leon's trail in hopes of finding and retiring them all, Deckard believes part of what will help him is figuring out what the replicants wanted with the Tyrell Corporation in trying to infiltrate it. The answer may lie with Tyrell's fail-safe backup mechanism. Beyond tracking the four, Deckard faces a possible dilemma in encountering a fifth replicant: Rachael, who works as Tyrell's assistant. The issue is that Dr. Elden Tyrell is experimenting with her, to provide her with fake memories so as to be able to better control her. With those memories, Rachael has no idea that she is not human. The problem is not only Rachael's assistance to Deckard, but that he is beginning to develop feelings for her."",""Language"":""English, German, Cantonese, Japanese, Hungarian, Arabic, Korean"",""Country"":""United States"",""Awards"":""Nominated for 2 Oscars. 12 wins & 19 nominations total"",""Poster"":""https://m.media-amazon.com/images/M/MV5BNzQzMzJhZTEtOWM4NS00MTdhLTg0YjgtMjM4MDRkZjUwZDBlXkEyXkFqcGdeQXVyNjU0OTQ0OTY@._V1_SX300.jpg"",""Ratings"":[{""Source"":""Internet Movie Database"",""Value"":""8.1/10""},{""Source"":""Rotten Tomatoes"",""Value"":""89%""},{""Source"":""Metacritic"",""Value"":""84/100""}],""Metascore"":""84"",""imdbRating"":""8.1"",""imdbVotes"":""759,861"",""imdbID"":""tt0083658"",""Type"":""movie"",""DVD"":""30 Oct 2001"",""BoxOffice"":""$32,914,489"",""Production"":""N/A"",""Website"":""N/A"",""Response"":""True""}"
342,720,1452,7202,7202,test_1iv9e1m3sjqsj_search,r=json;apikey=anonymous;i=tt8772192;y=1973;,search,/,GET,,,,,200,True,none,"{""Title"":""Namaste"",""Year"":""2020"",""Rated"":""TV-MA"",""Released"":""09 Mar 2020"",""Season"":""5"",""Episode"":""4"",""Runtime"":""45 min"",""Genre"":""Crime, Drama"",""Director"":""Gordon Smith"",""Writer"":""Vince Gilligan, Peter Gould, Gordon Smith"",""Actors"":""Bob Odenkirk, Jonathan Banks, Rhea Seehorn"",""Plot"":""As Jimmy doubles down on \""Saul Goodman\"", a deeply conflicted Kim brings him an interesting proposition. Gus makes a sacrifice in order to play the long game. Mike attempts to smooth things over with his family."",""Language"":""English"",""Country"":""United States"",""Awards"":""N/A"",""Poster"":""https://m.media-amazon.com/images/M/MV5BN2FhMTdiZDAtOGM0OS00ZDYxLThkNTAtYzgxZDhlMTdkZDYxXkEyXkFqcGdeQXVyMTkxNjUyNQ@@._V1_SX300.jpg"",""Ratings"":[{""Source"":""Internet Movie Database"",""Value"":""8.6/10""}],""Metascore"":""N/A"",""imdbRating"":""8.6"",""imdbVotes"":""9299"",""imdbID"":""tt8772192"",""seriesID"":""tt3032476"",""Type"":""episode"",""Response"":""True""}"
277,793,7269,6668,6668,test_rkzkl392ujxi_search,r=json;apikey=anonymous;plot=short;i=tt0083658;y=2012;,search,/,GET,,,,,200,True,none,"{""Title"":""Blade Runner"",""Year"":""1982"",""Rated"":""R"",""Released"":""25 Jun 1982"",""Runtime"":""117 min"",""Genre"":""Action, Drama, Sci-Fi"",""Director"":""Ridley Scott"",""Writer"":""Hampton Fancher, David Webb Peoples, Philip K. Dick"",""Actors"":""Harrison Ford, Rutger Hauer, Sean Young"",""Plot"":""A blade runner must pursue and terminate four replicants who stole a ship in space, and have returned to Earth to find their creator."",""Language"":""English, German, Cantonese, Japanese, Hungarian, Arabic, Korean"",""Country"":""United States"",""Awards"":""Nominated for 2 Oscars. 12 wins & 19 nominations total"",""Poster"":""https://m.media-amazon.com/images/M/MV5BNzQzMzJhZTEtOWM4NS00MTdhLTg0YjgtMjM4MDRkZjUwZDBlXkEyXkFqcGdeQXVyNjU0OTQ0OTY@._V1_SX300.jpg"",""Ratings"":[{""Source"":""Internet Movie Database"",""Value"":""8.1/10""},{""Source"":""Rotten Tomatoes"",""Value"":""89%""},{""Source"":""Metacritic"",""Value"":""84/100""}],""Metascore"":""84"",""imdbRating"":""8.1"",""imdbVotes"":""759,861"",""imdbID"":""tt0083658"",""Type"":""movie"",""DVD"":""30 Oct 2001"",""BoxOffice"":""$32,914,489"",""Production"":""N/A"",""Website"":""N/A"",""Response"":""True""}"
256,16,3522,3466,3466,test_1k251a1h4frkx_search,r=json;apikey=anonymous;plot=short;i=tt2411492;y=1982;,search,/,GET,,,,,200,True,none,"{""Title"":""Frank's Back in Business"",""Year"":""2012"",""Rated"":""TV-MA"",""Released"":""29 Nov 2012"",""Season"":""8"",""Episode"":""7"",""Runtime"":""22 min"",""Genre"":""Comedy"",""Director"":""Richie Keen"",""Writer"":""Rob McElhenney, Glenn Howerton, Dave Chernin"",""Actors"":""Charlie Day, Glenn Howerton, Rob McElhenney"",""Plot"":""Under threat of a hostile takeover, the board of Frank's old company calls him back to run the company. As before, Frank maximizes the company's product: money. Dennis, Mac and Dee find Phillies VIP tickets and find themselves in ..."",""Language"":""English"",""Country"":""N/A"",""Awards"":""N/A"",""Poster"":""https://m.media-amazon.com/images/M/MV5BMjQ1NzY4MzMwNF5BMl5BanBnXkFtZTcwMDQwODY4OA@@._V1_SX300.jpg"",""Ratings"":[{""Source"":""Internet Movie Database"",""Value"":""8.1/10""}],""Metascore"":""N/A"",""imdbRating"":""8.1"",""imdbVotes"":""2007"",""imdbID"":""tt2411492"",""seriesID"":""tt0472954"",""Type"":""episode"",""Response"":""True""}"
386,80,33,4441,4441,test_1h7gd4ovij0bm_search,t=Christmas+Crime;apikey=anonymous;type=movie;,search,/,GET,,,,,200,True,none,"{""Title"":""Christmas Crime"",""Year"":""2017"",""Rated"":""N/A"",""Released"":""22 Dec 2017"",""Runtime"":""N/A"",""Genre"":""Short, Comedy"",""Director"":""Sarah Ann Masse"",""Writer"":""Sarah Ann Masse, Nick Afka Thomas"",""Actors"":""Steven Boyer, Sarah Ann Masse, Nick Afka Thomas"",""Plot"":""N/A"",""Language"":""English"",""Country"":""USA"",""Awards"":""N/A"",""Poster"":""https://m.media-amazon.com/images/M/MV5BYzgxNjMyOGEtOWI2Yi00ODM0LTgwZjctYTc5NDQ5N2Y5MGQ3XkEyXkFqcGdeQXVyMjkxOTkyNzQ@._V1_SX300.jpg"",""Ratings"":[],""Metascore"":""N/A"",""imdbRating"":""N/A"",""imdbVotes"":""N/A"",""imdbID"":""tt7798942"",""Type"":""movie"",""DVD"":""N/A"",""BoxOffice"":""N/A"",""Production"":""N/A"",""Website"":""N/A"",""Response"":""True""}"
202,76,6155,6451,6451,test_1iepyt4wlv5f8_search,t=Fight+Club;apikey=anonymous;,search,/,GET,,,,,200,True,none,"{""Title"":""Fight Club"",""Year"":""1999"",""Rated"":""R"",""Released"":""15 Oct 1999"",""Runtime"":""139 min"",""Genre"":""Drama"",""Director"":""David Fincher"",""Writer"":""Chuck Palahniuk, Jim Uhls"",""Actors"":""Brad Pitt, Edward Norton, Meat Loaf"",""Plot"":""An insomniac office worker and a devil-may-care soap maker form an underground fight club that evolves into much more."",""Language"":""English"",""Country"":""Germany, United States"",""Awards"":""Nominated for 1 Oscar. 11 wins & 38 nominations total"",""Poster"":""https://m.media-amazon.com/images/M/MV5BNDIzNDU0YzEtYzE5Ni00ZjlkLTk5ZjgtNjM3NWE4YzA3Nzk3XkEyXkFqcGdeQXVyMjUzOTY1NTc@._V1_SX300.jpg"",""Ratings"":[{""Source"":""Internet Movie Database"",""Value"":""8.8/10""},{""Source"":""Rotten Tomatoes"",""Value"":""79%""},{""Source"":""Metacritic"",""Value"":""66/100""}],""Metascore"":""66"",""imdbRating"":""8.8"",""imdbVotes"":""2,084,689"",""imdbID"":""tt0137523"",""Type"":""movie"",""DVD"":""14 Oct 2003"",""BoxOffice"":""$37,030,102"",""Production"":""N/A"",""Website"":""N/A"",""Response"":""True""}"
161,453,3496,1881,1881,test_1ib6h6undjtiq_search,t=Christmas+Crime;apikey=anonymous;plot=short;,search,/,GET,,,,,200,True,none,"{""Title"":""Christmas Crime"",""Year"":""2017"",""Rated"":""N/A"",""Released"":""22 Dec 2017"",""Runtime"":""N/A"",""Genre"":""Short, Comedy"",""Director"":""Sarah Ann Masse"",""Writer"":""Sarah Ann Masse, Nick Afka Thomas"",""Actors"":""Steven Boyer, Sarah Ann Masse, Nick Afka Thomas"",""Plot"":""N/A"",""Language"":""English"",""Country"":""USA"",""Awards"":""N/A"",""Poster"":""https://m.media-amazon.com/images/M/MV5BYzgxNjMyOGEtOWI2Yi00ODM0LTgwZjctYTc5NDQ5N2Y5MGQ3XkEyXkFqcGdeQXVyMjkxOTkyNzQ@._V1_SX300.jpg"",""Ratings"":[],""Metascore"":""N/A"",""imdbRating"":""N/A"",""imdbVotes"":""N/A"",""imdbID"":""tt7798942"",""Type"":""movie"",""DVD"":""N/A"",""BoxOffice"":""N/A"",""Production"":""N/A"",""Website"":""N/A"",""Response"":""True""}"
449,610,7082,4010,4010,test_vf0xgfnne4py_search,apikey=anonymous;plot=short;i=tt10648342;y=2016;type=series;,search,/,GET,,,,,200,True,none,"{""Title"":""Thor: Love and Thunder"",""Year"":""2022"",""Rated"":""PG-13"",""Released"":""08 Jul 2022"",""Runtime"":""31S min"",""Genre"":""Action, Adventure, Comedy"",""Director"":""Taika Waititi"",""Writer"":""Taika Waititi, Jennifer Kaytin Robinson, Stan Lee"",""Actors"":""Chris Hemsworth, Natalie Portman, Christian Bale"",""Plot"":""Thor enlists the help of Valkyrie, Korg and ex-girlfriend Jane Foster to fight Gorr the God Butcher, who intends to make the gods extinct."",""Language"":""English"",""Country"":""Australia, United States"",""Awards"":""3 nominations"",""Poster"":""https://m.media-amazon.com/images/M/MV5BYmMxZWRiMTgtZjM0Ny00NDQxLWIxYWQtZDdlNDNkOTEzYTdlXkEyXkFqcGdeQXVyMTkxNjUyNQ@@._V1_SX300.jpg"",""Ratings"":[{""Source"":""Internet Movie Database"",""Value"":""6.7/10""},{""Source"":""Rotten Tomatoes"",""Value"":""65%""},{""Source"":""Metacritic"",""Value"":""57/100""}],""Metascore"":""57"",""imdbRating"":""6.7"",""imdbVotes"":""174,546"",""imdbID"":""tt10648342"",""Type"":""movie"",""DVD"":""N/A"",""BoxOffice"":""$337,952,296"",""Production"":""N/A"",""Website"":""N/A"",""Response"":""True""}"
194,276,622,10326,10326,test_1ib0h9d1zls1d_search,r=json;apikey=anonymous;plot=short;i=tt4463986;y=1982;type=episode;,search,/,GET,,,,,200,True,none,"{""Title"":""The Gang Goes to Hell: Part Two"",""Year"":""2016"",""Rated"":""TV-MA"",""Released"":""09 Mar 2016"",""Season"":""11"",""Episode"":""10"",""Runtime"":""25 min"",""Genre"":""Comedy"",""Director"":""Todd Biermann"",""Writer"":""Rob McElhenney, Glenn Howerton, David Hornsby"",""Actors"":""Charlie Day, Glenn Howerton, Rob McElhenney"",""Plot"":""The gang gets real with one another in the face of death."",""Language"":""N/A"",""Country"":""N/A"",""Awards"":""N/A"",""Poster"":""https://m.media-amazon.com/images/M/MV5BODRhNmEwOGItNDFhMi00OWM4LTk5YzQtOGI0MjhiMmQ2Yzg5L2ltYWdlL2ltYWdlXkEyXkFqcGdeQXVyNDgwNzUxMzQ@._V1_SX300.jpg"",""Ratings"":[],""Metascore"":""N/A"",""imdbRating"":""N/A"",""imdbVotes"":""2085"",""imdbID"":""tt4463986"",""seriesID"":""tt0472954"",""Type"":""episode"",""Response"":""True""}"
126,828,5111,1947,1947,test_1jydbipw2pt9i_search,r=json;apikey=anonymous;i=tt0318871;,search,/,GET,,,,,200,True,none,"{""Title"":""Berserk"",""Year"":""1997–1998"",""Rated"":""TV-14"",""Released"":""28 May 2002"",""Runtime"":""2 min"",""Genre"":""Animation, Action, Adventure"",""Director"":""N/A"",""Writer"":""Kentaro Miura"",""Actors"":""Marc Diraison, Nobutoshi Canna, Carrie Keranen"",""Plot"":""Guts is a skilled swordsman who joins forces with a mercenary group named 'The Band of the Hawk', lead by the charismatic Griffith, and fights with them as they battle their way into the royal court."",""Language"":""Japanese"",""Country"":""Japan"",""Awards"":""N/A"",""Poster"":""https://m.media-amazon.com/images/M/MV5BZWIzNzQ3ZDctODYxYi00YjUwLTg1MDgtMDg4Mzc0NWM4ZGY0XkEyXkFqcGdeQXVyNjAwNDUxODI@._V1_SX300.jpg"",""Ratings"":[{""Source"":""Internet Movie Database"",""Value"":""8.7/10""}],""Metascore"":""N/A"",""imdbRating"":""8.7"",""imdbVotes"":""38,379"",""imdbID"":""tt0318871"",""Type"":""series"",""totalSeasons"":""1"",""Response"":""True""}"
421,96,2852,9642,9642,test_to4mi0n7svom_search,t=The+Big+Bang+Theory;apikey=anonymous;plot=short;type=series;,search,/,GET,,,,,200,True,none,"{""Title"":""The Big Bang Theory"",""Year"":""2007–2019"",""Rated"":""TV-PG"",""Released"":""01 May 2006"",""Runtime"":""22 min"",""Genre"":""Comedy, Romance"",""Director"":""N/A"",""Writer"":""Chuck Lorre, Bill Prady"",""Actors"":""Johnny Galecki, Jim Parsons, Kaley Cuoco"",""Plot"":""A woman who moves into an apartment across the hall from two brilliant but socially awkward physicists shows them how little they know about life outside of the laboratory."",""Language"":""English, Hindi, Italian, Russian, Mandarin, Klingon"",""Country"":""United States"",""Awards"":""Won 10 Primetime Emmys. 79 wins & 252 nominations total"",""Poster"":""https://m.media-amazon.com/images/M/MV5BY2FmZTY5YTktOWRlYy00NmIyLWE0ZmQtZDg2YjlmMzczZDZiXkEyXkFqcGdeQXVyNjg4NzAyOTA@._V1_SX300.jpg"",""Ratings"":[{""Source"":""Internet Movie Database"",""Value"":""8.2/10""}],""Metascore"":""N/A"",""imdbRating"":""8.2"",""imdbVotes"":""797,936"",""imdbID"":""tt0898266"",""Type"":""series"",""totalSeasons"":""12"",""Response"":""True""}"
368,599,7338,3397,3397,test_1iycqhlrfi4iq_search,r=json;apikey=anonymous;plot=short;i=tt4120524;type=series;,search,/,GET,,,,,200,True,none,"{""Title"":""The Scarecrow"",""Year"":""2015"",""Rated"":""TV-14"",""Released"":""09 Feb 2015"",""Season"":""1"",""Episode"":""15"",""Runtime"":""42 min"",""Genre"":""Action, Crime, Drama"",""Director"":""Nick Copus"",""Writer"":""Bruno Heller, Ken Woodruff"",""Actors"":""Ben McKenzie, Donal Logue, David Mazouz"",""Plot"":""Gordon and Bullock set out to stop Gerald Crane, a biology teacher who has been harvesting the glands of his murder victims. Meanwhile, after finding herself in an unusual setting, Mooney continues plotting to gain power, and Falc..."",""Language"":""English"",""Country"":""United States"",""Awards"":""N/A"",""Poster"":""https://m.media-amazon.com/images/M/MV5BMjM1MzE2Njc0OF5BMl5BanBnXkFtZTgwNDEwMzIzNDE@._V1_SX300.jpg"",""Ratings"":[],""Metascore"":""N/A"",""imdbRating"":""N/A"",""imdbVotes"":""3476"",""imdbID"":""tt4120524"",""seriesID"":""tt3749900"",""Type"":""episode"",""Response"":""True""}"
471,444,6488,8248,8248,test_1iut8xl5nqo2r_search,r=json;t=Parasite;apikey=anonymous;,search,/,GET,,,,,200,True,none,"{""Title"":""Parasite"",""Year"":""2019"",""Rated"":""R"",""Released"":""08 Nov 2019"",""Runtime"":""132 min"",""Genre"":""Comedy, Drama, Thriller"",""Director"":""Bong Joon Ho"",""Writer"":""Bong Joon Ho, Han Jin-won"",""Actors"":""Song Kang-ho, Sun-kyun Lee, Cho Yeo-jeong"",""Plot"":""Greed and class discrimination threaten the newly formed symbiotic relationship between the wealthy Park family and the destitute Kim clan."",""Language"":""Korean, English"",""Country"":""South Korea"",""Awards"":""Won 4 Oscars. 308 wins & 271 nominations total"",""Poster"":""https://m.media-amazon.com/images/M/MV5BYWZjMjk3ZTItODQ2ZC00NTY5LWE0ZDYtZTI3MjcwN2Q5NTVkXkEyXkFqcGdeQXVyODk4OTc3MTY@._V1_SX300.jpg"",""Ratings"":[{""Source"":""Internet Movie Database"",""Value"":""8.5/10""},{""Source"":""Rotten Tomatoes"",""Value"":""99%""},{""Source"":""Metacritic"",""Value"":""96/100""}],""Metascore"":""96"",""imdbRating"":""8.5"",""imdbVotes"":""769,950"",""imdbID"":""tt6751668"",""Type"":""movie"",""DVD"":""11 Oct 2019"",""BoxOffice"":""$53,369,749"",""Production"":""N/A"",""Website"":""N/A"",""Response"":""True""}"
185,696,2063,2506,2506,test_1jygit1rmoyg1_search,apikey=anonymous;i=tt5668386;y=2022;,search,/,GET,,,,,200,True,none,"{""Title"":""Heroes Rise: How the Riddler Got His Name"",""Year"":""2017"",""Rated"":""TV-14"",""Released"":""24 Apr 2017"",""Season"":""3"",""Episode"":""15"",""Runtime"":""43 min"",""Genre"":""Action, Crime, Drama"",""Director"":""T.J. Scott"",""Writer"":""Bruno Heller, Megan Mostyn-Brown, Tze Chun"",""Actors"":""Ben McKenzie, Donal Logue, David Mazouz"",""Plot"":""Ed finally got Penguin to pay for his terrible actions and finds himself with a new dilemma on which path to take."",""Language"":""English"",""Country"":""United States"",""Awards"":""N/A"",""Poster"":""https://m.media-amazon.com/images/M/MV5BZjkzNWYyZWUtZGUwYi00MjY1LWFhYzYtOTAxZGVlNjk2YmUwXkEyXkFqcGdeQXVyNjU1MDY3NjQ@._V1_SX300.jpg"",""Ratings"":[{""Source"":""Internet Movie Database"",""Value"":""8.1/10""}],""Metascore"":""N/A"",""imdbRating"":""8.1"",""imdbVotes"":""2061"",""imdbID"":""tt5668386"",""seriesID"":""tt3749900"",""Type"":""episode"",""Response"":""True""}"
