Unnamed: 0.2,Unnamed: 0,Unnamed: 0.1,Unnamed: 0.1.1,Unnamed: 0.1.1.1,Unnamed: 0.1.1.1.1,testCaseId,queryParameters,operationId,path,httpMethod,headerParameters,pathParameters,formParameters,bodyParameter,statusCode,passed,failReason,responseBody
88,356,688,8735,2936,2936,test_us3hskl4tq3q_search,r=json;apikey=anonymous;plot=short;i=tt0167261;,search,/,GET,,,,,200,True,none,"{""Title"":""The Lord of the Rings: The Two Towers"",""Year"":""2002"",""Rated"":""PG-13"",""Released"":""18 Dec 2002"",""Runtime"":""179 min"",""Genre"":""Action, Adventure, Drama"",""Director"":""Peter Jackson"",""Writer"":""J.R.R. Tolkien, Fran Walsh, Philippa Boyens"",""Actors"":""Elijah Wood, Ian McKellen, Viggo Mortensen"",""Plot"":""While Frodo and Sam edge closer to Mordor with the help of the shifty Gollum, the divided fellowship makes a stand against Sauron's new ally, Saruman, and his hordes of Isengard."",""Language"":""English, Sindarin, Old English"",""Country"":""New Zealand, United States"",""Awards"":""Won 2 Oscars. 126 wins & 138 nominations total"",""Poster"":""https://m.media-amazon.com/images/M/MV5BZGMxZTdjZmYtMmE2Ni00ZTdkLWI5NTgtNjlmMjBiNzU2MmI5XkEyXkFqcGdeQXVyNjU0OTQ0OTY@._V1_SX300.jpg"",""Ratings"":[{""Source"":""Internet Movie Database"",""Value"":""8.8/10""},{""Source"":""Rotten Tomatoes"",""Value"":""95%""},{""Source"":""Metacritic"",""Value"":""87/100""}],""Metascore"":""87"",""imdbRating"":""8.8"",""imdbVotes"":""1,630,961"",""imdbID"":""tt0167261"",""Type"":""movie"",""DVD"":""26 Aug 2003"",""BoxOffice"":""$342,952,511"",""Production"":""N/A"",""Website"":""N/A"",""Response"":""True""}"
54,428,346,9371,11378,11378,test_toddc7eca6hv_search,r=json;t=Obi-Wan+Kenobi;apikey=anonymous;plot=short;,search,/,GET,,,,,200,True,none,"{""Title"":""Obi-Wan Kenobi"",""Year"":""2022"",""Rated"":""TV-14"",""Released"":""27 May 2022"",""Runtime"":""N/A"",""Genre"":""Action, Adventure, Sci-Fi"",""Director"":""N/A"",""Writer"":""N/A"",""Actors"":""Ewan McGregor, Moses Ingram, Vivien Lyra Blair"",""Plot"":""Jedi Master Obi-Wan Kenobi has to save young Leia after she is kidnapped, all the while being pursued by Imperial Inquisitors and his former Padawan, now known as Darth Vader."",""Language"":""English"",""Country"":""United States"",""Awards"":""1 win & 8 nominations"",""Poster"":""https://m.media-amazon.com/images/M/MV5BOTAxOTlmOTAtMjA0Yy00YjVjLWE3OTQtYjAzMWMxOTAwZTY1XkEyXkFqcGdeQXVyMTM1MTE1NDMx._V1_SX300.jpg"",""Ratings"":[{""Source"":""Internet Movie Database"",""Value"":""7.1/10""}],""Metascore"":""N/A"",""imdbRating"":""7.1"",""imdbVotes"":""165,137"",""imdbID"":""tt8466564"",""Type"":""series"",""totalSeasons"":""1"",""Response"":""True""}"
60,418,433,6330,8993,8993,test_vf6zee29l6i8_search,t=Blade+Runner;apikey=anonymous;,search,/,GET,,,,,200,True,none,"{""Title"":""Blade Runner"",""Year"":""1982"",""Rated"":""R"",""Released"":""25 Jun 1982"",""Runtime"":""117 min"",""Genre"":""Action, Drama, Sci-Fi"",""Director"":""Ridley Scott"",""Writer"":""Hampton Fancher, David Webb Peoples, Philip K. Dick"",""Actors"":""Harrison Ford, Rutger Hauer, Sean Young"",""Plot"":""A blade runner must pursue and terminate four replicants who stole a ship in space, and have returned to Earth to find their creator."",""Language"":""English, German, Cantonese, Japanese, Hungarian, Arabic, Korean"",""Country"":""United States"",""Awards"":""Nominated for 2 Oscars. 12 wins & 19 nominations total"",""Poster"":""https://m.media-amazon.com/images/M/MV5BNzQzMzJhZTEtOWM4NS00MTdhLTg0YjgtMjM4MDRkZjUwZDBlXkEyXkFqcGdeQXVyNjU0OTQ0OTY@._V1_SX300.jpg"",""Ratings"":[{""Source"":""Internet Movie Database"",""Value"":""8.1/10""},{""Source"":""Rotten Tomatoes"",""Value"":""89%""},{""Source"":""Metacritic"",""Value"":""84/100""}],""Metascore"":""84"",""imdbRating"":""8.1"",""imdbVotes"":""759,861"",""imdbID"":""tt0083658"",""Type"":""movie"",""DVD"":""30 Oct 2001"",""BoxOffice"":""$32,914,489"",""Production"":""N/A"",""Website"":""N/A"",""Response"":""True""}"
11,339,389,3104,12162,12162,test_r17ch59egz04_search,apikey=anonymous;i=tt0816692;type=episode;,search,/,GET,,,,,200,True,none,"{""Title"":""Interstellar"",""Year"":""2014"",""Rated"":""PG-13"",""Released"":""07 Nov 2014"",""Runtime"":""169 min"",""Genre"":""Adventure, Drama, Sci-Fi"",""Director"":""Christopher Nolan"",""Writer"":""Jonathan Nolan, Christopher Nolan"",""Actors"":""Matthew McConaughey, Anne Hathaway, Jessica Chastain"",""Plot"":""A team of explorers travel through a wormhole in space in an attempt to ensure humanity's survival."",""Language"":""English"",""Country"":""United States, United Kingdom, Canada"",""Awards"":""Won 1 Oscar. 44 wins & 148 nominations total"",""Poster"":""https://m.media-amazon.com/images/M/MV5BZjdkOTU3MDktN2IxOS00OGEyLWFmMjktY2FiMmZkNWIyODZiXkEyXkFqcGdeQXVyMTMxODk2OTU@._V1_SX300.jpg"",""Ratings"":[{""Source"":""Internet Movie Database"",""Value"":""8.6/10""},{""Source"":""Rotten Tomatoes"",""Value"":""73%""},{""Source"":""Metacritic"",""Value"":""74/100""}],""Metascore"":""74"",""imdbRating"":""8.6"",""imdbVotes"":""1,774,128"",""imdbID"":""tt0816692"",""Type"":""movie"",""DVD"":""31 Mar 2015"",""BoxOffice"":""$188,020,017"",""Production"":""N/A"",""Website"":""N/A"",""Response"":""True""}"
30,78,729,1300,3933,3933,test_1ibec7mdqofue_search,r=json;t=The+Godfather;apikey=anonymous;plot=short;,search,/,GET,,,,,200,True,none,"{""Title"":""The Godfather"",""Year"":""1972"",""Rated"":""R"",""Released"":""24 Mar 1972"",""Runtime"":""175 min"",""Genre"":""Crime, Drama"",""Director"":""Francis Ford Coppola"",""Writer"":""Mario Puzo, Francis Ford Coppola"",""Actors"":""Marlon Brando, Al Pacino, James Caan"",""Plot"":""The aging patriarch of an organized crime dynasty in postwar New York City transfers control of his clandestine empire to his reluctant youngest son."",""Language"":""English, Italian, Latin"",""Country"":""United States"",""Awards"":""Won 3 Oscars. 31 wins & 30 nominations total"",""Poster"":""https://m.media-amazon.com/images/M/MV5BM2MyNjYxNmUtYTAwNi00MTYxLWJmNWYtYzZlODY3ZTk3OTFlXkEyXkFqcGdeQXVyNzkwMjQ5NzM@._V1_SX300.jpg"",""Ratings"":[{""Source"":""Internet Movie Database"",""Value"":""9.2/10""},{""Source"":""Rotten Tomatoes"",""Value"":""97%""},{""Source"":""Metacritic"",""Value"":""100/100""}],""Metascore"":""100"",""imdbRating"":""9.2"",""imdbVotes"":""1,823,905"",""imdbID"":""tt0068646"",""Type"":""movie"",""DVD"":""11 May 2004"",""BoxOffice"":""$136,381,073"",""Production"":""N/A"",""Website"":""N/A"",""Response"":""True""}"
55,380,10,3317,1619,1619,test_skvludii8qcm_search,r=json;apikey=anonymous;plot=full;i=tt4120524;y=1999;type=episode;,search,/,GET,,,,,200,True,none,"{""Title"":""The Scarecrow"",""Year"":""2015"",""Rated"":""TV-14"",""Released"":""09 Feb 2015"",""Season"":""1"",""Episode"":""15"",""Runtime"":""42 min"",""Genre"":""Action, Crime, Drama"",""Director"":""Nick Copus"",""Writer"":""Bruno Heller, Ken Woodruff"",""Actors"":""Ben McKenzie, Donal Logue, David Mazouz"",""Plot"":""Gordon and Bullock set out to stop Gerald Crane, a biology teacher who has been harvesting the glands of his murder victims. Meanwhile, after finding herself in an unusual setting, Mooney continues plotting to gain power, and Falc..."",""Language"":""English"",""Country"":""United States"",""Awards"":""N/A"",""Poster"":""https://m.media-amazon.com/images/M/MV5BMjM1MzE2Njc0OF5BMl5BanBnXkFtZTgwNDEwMzIzNDE@._V1_SX300.jpg"",""Ratings"":[],""Metascore"":""N/A"",""imdbRating"":""N/A"",""imdbVotes"":""3476"",""imdbID"":""tt4120524"",""seriesID"":""tt3749900"",""Type"":""episode"",""Response"":""True""}"
1,68,107,7697,5184,5184,test_rhug31x01qnp_search,r=json;apikey=anonymous;plot=short;i=tt2301467;,search,/,GET,,,,,200,True,none,"{""Title"":""Say My Name"",""Year"":""2012"",""Rated"":""TV-14"",""Released"":""26 Aug 2012"",""Season"":""5"",""Episode"":""7"",""Runtime"":""48 min"",""Genre"":""Crime, Drama, Thriller"",""Director"":""Thomas Schnauz"",""Writer"":""Vince Gilligan, Thomas Schnauz"",""Actors"":""Bryan Cranston, Anna Gunn, Aaron Paul"",""Plot"":""Mike and Jesse are out. Now Walt has to handle things on his own. Hank finally finds a rat in Mike's gang."",""Language"":""English"",""Country"":""United States"",""Awards"":""N/A"",""Poster"":""https://m.media-amazon.com/images/M/MV5BMTM1MjcyMzIzMl5BMl5BanBnXkFtZTcwOTk4MzAzOA@@._V1_SX300.jpg"",""Ratings"":[{""Source"":""Internet Movie Database"",""Value"":""9.5/10""}],""Metascore"":""N/A"",""imdbRating"":""9.5"",""imdbVotes"":""30142"",""imdbID"":""tt2301467"",""seriesID"":""tt0903747"",""Type"":""episode"",""Response"":""True""}"
63,92,821,8979,4401,4401,test_t8cep525tttl_search,apikey=anonymous;i=tt1027449;,search,/,GET,,,,,200,True,none,"{""Title"":""The Gang Gets Held Hostage"",""Year"":""2007"",""Rated"":""TV-MA"",""Released"":""20 Sep 2007"",""Season"":""3"",""Episode"":""4"",""Runtime"":""30 min"",""Genre"":""Comedy"",""Director"":""Fred Savage"",""Writer"":""Rob McElhenney, Glenn Howerton, Lisa Parsons"",""Actors"":""Charlie Day, Glenn Howerton, Rob McElhenney"",""Plot"":""The McPoyle brothers and sister Margaret take the gang hostage at Paddy's, raising the stakes to a new level in the feud between the two groups."",""Language"":""English"",""Country"":""United States"",""Awards"":""N/A"",""Poster"":""https://m.media-amazon.com/images/M/MV5BMTU5OTg4ODA2NV5BMl5BanBnXkFtZTcwNjc5MTk4NA@@._V1_SX300.jpg"",""Ratings"":[{""Source"":""Internet Movie Database"",""Value"":""8.9/10""}],""Metascore"":""N/A"",""imdbRating"":""8.9"",""imdbVotes"":""3207"",""imdbID"":""tt1027449"",""seriesID"":""tt0472954"",""Type"":""episode"",""Response"":""True""}"
48,104,84,9253,2477,2477,test_t4sxwyf1wcwx_search,r=json;apikey=anonymous;plot=short;i=tt3032476;,search,/,GET,,,,,200,True,none,"{""Title"":""Better Call Saul"",""Year"":""2015–2022"",""Rated"":""TV-MA"",""Released"":""08 Feb 2015"",""Runtime"":""46 min"",""Genre"":""Crime, Drama"",""Director"":""N/A"",""Writer"":""Vince Gilligan, Peter Gould"",""Actors"":""Bob Odenkirk, Rhea Seehorn, Jonathan Banks"",""Plot"":""The trials and tribulations of criminal lawyer Jimmy McGill before his fateful run-in with Walter White and Jesse Pinkman."",""Language"":""English, Spanish, Vietnamese"",""Country"":""United States"",""Awards"":""Nominated for 46 Primetime Emmys. 40 wins & 241 nominations total"",""Poster"":""https://m.media-amazon.com/images/M/MV5BMTMxOGM0NzItM2E0OS00YWYzLWEzNzUtODUzZTBjM2I4MTZkXkEyXkFqcGdeQXVyMTM1MTE1NDMx._V1_SX300.jpg"",""Ratings"":[{""Source"":""Internet Movie Database"",""Value"":""8.9/10""}],""Metascore"":""N/A"",""imdbRating"":""8.9"",""imdbVotes"":""484,642"",""imdbID"":""tt3032476"",""Type"":""series"",""totalSeasons"":""6"",""Response"":""True""}"
16,251,410,3806,9044,9044,test_1jeytiv26gfnb_search,r=json;t=Modern+Family;apikey=anonymous;,search,/,GET,,,,,200,True,none,"{""Title"":""Modern Family"",""Year"":""2009–2020"",""Rated"":""TV-PG"",""Released"":""23 Sep 2009"",""Runtime"":""22 min"",""Genre"":""Comedy, Drama, Romance"",""Director"":""N/A"",""Writer"":""Steven Levitan, Christopher Lloyd"",""Actors"":""Ed O'Neill, Sofía Vergara, Julie Bowen"",""Plot"":""Three different but related families face trials and tribulations in their own uniquely comedic ways."",""Language"":""English, Spanish, Chinese, Italian"",""Country"":""United States"",""Awards"":""Won 22 Primetime Emmys. 119 wins & 384 nominations total"",""Poster"":""https://m.media-amazon.com/images/M/MV5BNzRhNWIxYTEtYjc2NS00YWFlLWFhOGEtMDZiMWM1M2RkNDkyXkEyXkFqcGdeQXVyNjc0MjkzNjc@._V1_SX300.jpg"",""Ratings"":[{""Source"":""Internet Movie Database"",""Value"":""8.5/10""}],""Metascore"":""N/A"",""imdbRating"":""8.5"",""imdbVotes"":""421,221"",""imdbID"":""tt1442437"",""Type"":""series"",""totalSeasons"":""11"",""Response"":""True""}"
89,450,56,7107,9465,9465,test_1hvb25r9abk2r_search,apikey=anonymous;plot=short;i=tt0075314;,search,/,GET,,,,,200,True,none,"{""Title"":""Taxi Driver"",""Year"":""1976"",""Rated"":""R"",""Released"":""09 Feb 1976"",""Runtime"":""114 min"",""Genre"":""Crime, Drama"",""Director"":""Martin Scorsese"",""Writer"":""Paul Schrader"",""Actors"":""Robert De Niro, Jodie Foster, Cybill Shepherd"",""Plot"":""A mentally unstable veteran works as a nighttime taxi driver in New York City, where the perceived decadence and sleaze fuels his urge for violent action."",""Language"":""English, Spanish"",""Country"":""United States"",""Awards"":""Nominated for 4 Oscars. 22 wins & 20 nominations total"",""Poster"":""https://m.media-amazon.com/images/M/MV5BM2M1MmVhNDgtNmI0YS00ZDNmLTkyNjctNTJiYTQ2N2NmYzc2XkEyXkFqcGdeQXVyNzkwMjQ5NzM@._V1_SX300.jpg"",""Ratings"":[{""Source"":""Internet Movie Database"",""Value"":""8.2/10""},{""Source"":""Rotten Tomatoes"",""Value"":""96%""},{""Source"":""Metacritic"",""Value"":""94/100""}],""Metascore"":""94"",""imdbRating"":""8.2"",""imdbVotes"":""815,326"",""imdbID"":""tt0075314"",""Type"":""movie"",""DVD"":""14 Aug 2007"",""BoxOffice"":""$28,262,574"",""Production"":""N/A"",""Website"":""N/A"",""Response"":""True""}"
17,459,50,3158,7516,7516,test_qdq02n03d6ih_search,apikey=anonymous;i=tt0318871;,search,/,GET,,,,,200,True,none,"{""Title"":""Berserk"",""Year"":""1997–1998"",""Rated"":""TV-14"",""Released"":""28 May 2002"",""Runtime"":""2 min"",""Genre"":""Animation, Action, Adventure"",""Director"":""N/A"",""Writer"":""Kentaro Miura"",""Actors"":""Marc Diraison, Nobutoshi Canna, Carrie Keranen"",""Plot"":""Guts is a skilled swordsman who joins forces with a mercenary group named 'The Band of the Hawk', lead by the charismatic Griffith, and fights with them as they battle their way into the royal court."",""Language"":""Japanese"",""Country"":""Japan"",""Awards"":""N/A"",""Poster"":""https://m.media-amazon.com/images/M/MV5BZWIzNzQ3ZDctODYxYi00YjUwLTg1MDgtMDg4Mzc0NWM4ZGY0XkEyXkFqcGdeQXVyNjAwNDUxODI@._V1_SX300.jpg"",""Ratings"":[{""Source"":""Internet Movie Database"",""Value"":""8.7/10""}],""Metascore"":""N/A"",""imdbRating"":""8.7"",""imdbVotes"":""38,379"",""imdbID"":""tt0318871"",""Type"":""series"",""totalSeasons"":""1"",""Response"":""True""}"
93,368,599,7338,3397,3397,test_1iycqhlrfi4iq_search,r=json;apikey=anonymous;plot=short;i=tt4120524;type=series;,search,/,GET,,,,,200,True,none,"{""Title"":""The Scarecrow"",""Year"":""2015"",""Rated"":""TV-14"",""Released"":""09 Feb 2015"",""Season"":""1"",""Episode"":""15"",""Runtime"":""42 min"",""Genre"":""Action, Crime, Drama"",""Director"":""Nick Copus"",""Writer"":""Bruno Heller, Ken Woodruff"",""Actors"":""Ben McKenzie, Donal Logue, David Mazouz"",""Plot"":""Gordon and Bullock set out to stop Gerald Crane, a biology teacher who has been harvesting the glands of his murder victims. Meanwhile, after finding herself in an unusual setting, Mooney continues plotting to gain power, and Falc..."",""Language"":""English"",""Country"":""United States"",""Awards"":""N/A"",""Poster"":""https://m.media-amazon.com/images/M/MV5BMjM1MzE2Njc0OF5BMl5BanBnXkFtZTgwNDEwMzIzNDE@._V1_SX300.jpg"",""Ratings"":[],""Metascore"":""N/A"",""imdbRating"":""N/A"",""imdbVotes"":""3476"",""imdbID"":""tt4120524"",""seriesID"":""tt3749900"",""Type"":""episode"",""Response"":""True""}"
32,190,758,6123,6680,6680,test_1hbirbl4wkk10_search,r=json;apikey=anonymous;plot=short;i=tt11866324;type=episode;,search,/,GET,,,,,200,True,none,"{""Title"":""Prey"",""Year"":""2022"",""Rated"":""R"",""Released"":""05 Aug 2022"",""Runtime"":""99 min"",""Genre"":""Action, Adventure, Drama"",""Director"":""Dan Trachtenberg"",""Writer"":""Patrick Aison, Dan Trachtenberg, Jim Thomas"",""Actors"":""Amber Midthunder, Dakota Beavers, Dane DiLiegro"",""Plot"":""Naru, a skilled warrior of the Comanche Nation, fights to protect her tribe against one of the first highly-evolved Predators to land on Earth."",""Language"":""English, North American Indian, French"",""Country"":""United States"",""Awards"":""N/A"",""Poster"":""https://m.media-amazon.com/images/M/MV5BMDBlMDYxMDktOTUxMS00MjcxLWE2YjQtNjNhMjNmN2Y3ZDA1XkEyXkFqcGdeQXVyMTM1MTE1NDMx._V1_SX300.jpg"",""Ratings"":[{""Source"":""Internet Movie Database"",""Value"":""7.2/10""},{""Source"":""Rotten Tomatoes"",""Value"":""93%""},{""Source"":""Metacritic"",""Value"":""71/100""}],""Metascore"":""71"",""imdbRating"":""7.2"",""imdbVotes"":""155,701"",""imdbID"":""tt11866324"",""Type"":""movie"",""DVD"":""05 Aug 2022"",""BoxOffice"":""N/A"",""Production"":""N/A"",""Website"":""N/A"",""Response"":""True""}"
46,85,910,5280,3427,3427,test_1iexqby3a8ks0_search,apikey=anonymous;plot=short;i=tt3032476;,search,/,GET,,,,,200,True,none,"{""Title"":""Better Call Saul"",""Year"":""2015–2022"",""Rated"":""TV-MA"",""Released"":""08 Feb 2015"",""Runtime"":""46 min"",""Genre"":""Crime, Drama"",""Director"":""N/A"",""Writer"":""Vince Gilligan, Peter Gould"",""Actors"":""Bob Odenkirk, Rhea Seehorn, Jonathan Banks"",""Plot"":""The trials and tribulations of criminal lawyer Jimmy McGill before his fateful run-in with Walter White and Jesse Pinkman."",""Language"":""English, Spanish, Vietnamese"",""Country"":""United States"",""Awards"":""Nominated for 46 Primetime Emmys. 40 wins & 241 nominations total"",""Poster"":""https://m.media-amazon.com/images/M/MV5BMTMxOGM0NzItM2E0OS00YWYzLWEzNzUtODUzZTBjM2I4MTZkXkEyXkFqcGdeQXVyMTM1MTE1NDMx._V1_SX300.jpg"",""Ratings"":[{""Source"":""Internet Movie Database"",""Value"":""8.9/10""}],""Metascore"":""N/A"",""imdbRating"":""8.9"",""imdbVotes"":""484,642"",""imdbID"":""tt3032476"",""Type"":""series"",""totalSeasons"":""6"",""Response"":""True""}"
61,21,216,4653,2379,2379,test_1k1ugym5kx3cl_search,r=json;apikey=anonymous;i=tt7820276;y=1986;,search,/,GET,,,,,200,True,none,"{""Title"":""A Dark Knight: Mandatory Brunch Meeting"",""Year"":""2018"",""Rated"":""TV-14"",""Released"":""05 Apr 2018"",""Season"":""4"",""Episode"":""17"",""Runtime"":""43 min"",""Genre"":""Action, Crime, Drama"",""Director"":""Maja Vrvilo"",""Writer"":""Bruno Heller, Bob Kane, Bill Finger"",""Actors"":""Ben McKenzie, Donal Logue, David Mazouz"",""Plot"":""Gordon and Bullock try to stay one step ahead as Jerome zeros in on his next target. Meanwhile, Nygma hosts a riddle game show in the Narrows and faces his toughest challenger in Lee Thompkins, and Penguin goes to see Butch with a..."",""Language"":""English"",""Country"":""N/A"",""Awards"":""N/A"",""Poster"":""https://m.media-amazon.com/images/M/MV5BMzdiMTEwMTMtNTgzYS00MzJhLTgzNDQtOTk5Y2YyZjEwZWY0XkEyXkFqcGdeQXVyNTgyNDM1OTU@._V1_SX300.jpg"",""Ratings"":[{""Source"":""Internet Movie Database"",""Value"":""8.4/10""}],""Metascore"":""N/A"",""imdbRating"":""8.4"",""imdbVotes"":""1901"",""imdbID"":""tt7820276"",""seriesID"":""tt3749900"",""Type"":""episode"",""Response"":""True""}"
56,464,853,5669,10748,10748,test_qe117qw7za76_search,apikey=anonymous;plot=full;i=tt10838180;type=movie;,search,/,GET,,,,,200,True,none,"{""Title"":""The Matrix Resurrections"",""Year"":""2021"",""Rated"":""R"",""Released"":""22 Dec 2021"",""Runtime"":""148 min"",""Genre"":""Action, Sci-Fi"",""Director"":""Lana Wachowski"",""Writer"":""Lana Wachowski, David Mitchell, Aleksandar Hemon"",""Actors"":""Keanu Reeves, Carrie-Anne Moss, Yahya Abdul-Mateen II"",""Plot"":""Return to a world of two realities: one, everyday life; the other, what lies behind it. To find out if his reality is a construct, to truly know himself, Mr. Anderson will have to choose to follow the white rabbit once more."",""Language"":""English, French, Spanish, Japanese"",""Country"":""United States, Australia"",""Awards"":""Nominated for 1 BAFTA Award4 wins & 34 nominations total"",""Poster"":""https://m.media-amazon.com/images/M/MV5BMGJkNDJlZWUtOGM1Ny00YjNkLThiM2QtY2ZjMzQxMTIxNWNmXkEyXkFqcGdeQXVyMDM2NDM2MQ@@._V1_SX300.jpg"",""Ratings"":[{""Source"":""Internet Movie Database"",""Value"":""5.7/10""},{""Source"":""Rotten Tomatoes"",""Value"":""63%""},{""Source"":""Metacritic"",""Value"":""63/100""}],""Metascore"":""63"",""imdbRating"":""5.7"",""imdbVotes"":""239,919"",""imdbID"":""tt10838180"",""Type"":""movie"",""DVD"":""22 Dec 2021"",""BoxOffice"":""$37,686,805"",""Production"":""N/A"",""Website"":""N/A"",""Response"":""True""}"
71,256,16,3522,3466,3466,test_1k251a1h4frkx_search,r=json;apikey=anonymous;plot=short;i=tt2411492;y=1982;,search,/,GET,,,,,200,True,none,"{""Title"":""Frank's Back in Business"",""Year"":""2012"",""Rated"":""TV-MA"",""Released"":""29 Nov 2012"",""Season"":""8"",""Episode"":""7"",""Runtime"":""22 min"",""Genre"":""Comedy"",""Director"":""Richie Keen"",""Writer"":""Rob McElhenney, Glenn Howerton, Dave Chernin"",""Actors"":""Charlie Day, Glenn Howerton, Rob McElhenney"",""Plot"":""Under threat of a hostile takeover, the board of Frank's old company calls him back to run the company. As before, Frank maximizes the company's product: money. Dennis, Mac and Dee find Phillies VIP tickets and find themselves in ..."",""Language"":""English"",""Country"":""N/A"",""Awards"":""N/A"",""Poster"":""https://m.media-amazon.com/images/M/MV5BMjQ1NzY4MzMwNF5BMl5BanBnXkFtZTcwMDQwODY4OA@@._V1_SX300.jpg"",""Ratings"":[{""Source"":""Internet Movie Database"",""Value"":""8.1/10""}],""Metascore"":""N/A"",""imdbRating"":""8.1"",""imdbVotes"":""2007"",""imdbID"":""tt2411492"",""seriesID"":""tt0472954"",""Type"":""episode"",""Response"":""True""}"
49,430,869,9259,1443,1443,test_qxiqvup0vygp_search,r=json;apikey=anonymous;i=tt11198330;y=1971;type=movie;,search,/,GET,,,,,200,True,none,"{""Title"":""House of the Dragon"",""Year"":""2022–"",""Rated"":""N/A"",""Released"":""21 Aug 2022"",""Runtime"":""N/A"",""Genre"":""Action, Adventure, Drama"",""Director"":""N/A"",""Writer"":""Ryan J. Condal, George R.R. Martin"",""Actors"":""Paddy Considine, Olivia Cooke, Emma D'Arcy"",""Plot"":""The story of the House Targaryen set 200 years before the events of Game of Thrones (2011)."",""Language"":""English"",""Country"":""United States"",""Awards"":""N/A"",""Poster"":""https://m.media-amazon.com/images/M/MV5BZDBkZjRiNGMtZGU2My00ODdkLWI0MGYtNGU4MmJjN2MzOTkxXkEyXkFqcGdeQXVyMDM2NDM2MQ@@._V1_SX300.jpg"",""Ratings"":[],""Metascore"":""N/A"",""imdbRating"":""N/A"",""imdbVotes"":""N/A"",""imdbID"":""tt11198330"",""Type"":""series"",""totalSeasons"":""1"",""Response"":""True""}"
72,386,80,33,4441,4441,test_1h7gd4ovij0bm_search,t=Christmas+Crime;apikey=anonymous;type=movie;,search,/,GET,,,,,200,True,none,"{""Title"":""Christmas Crime"",""Year"":""2017"",""Rated"":""N/A"",""Released"":""22 Dec 2017"",""Runtime"":""N/A"",""Genre"":""Short, Comedy"",""Director"":""Sarah Ann Masse"",""Writer"":""Sarah Ann Masse, Nick Afka Thomas"",""Actors"":""Steven Boyer, Sarah Ann Masse, Nick Afka Thomas"",""Plot"":""N/A"",""Language"":""English"",""Country"":""USA"",""Awards"":""N/A"",""Poster"":""https://m.media-amazon.com/images/M/MV5BYzgxNjMyOGEtOWI2Yi00ODM0LTgwZjctYTc5NDQ5N2Y5MGQ3XkEyXkFqcGdeQXVyMjkxOTkyNzQ@._V1_SX300.jpg"",""Ratings"":[],""Metascore"":""N/A"",""imdbRating"":""N/A"",""imdbVotes"":""N/A"",""imdbID"":""tt7798942"",""Type"":""movie"",""DVD"":""N/A"",""BoxOffice"":""N/A"",""Production"":""N/A"",""Website"":""N/A"",""Response"":""True""}"
95,179,542,2137,4432,4432,test_to4izkfl7lf5_search,r=json;apikey=anonymous;plot=short;i=tt10234724;,search,/,GET,,,,,200,True,none,"{""Title"":""Moon Knight"",""Year"":""2022"",""Rated"":""TV-14"",""Released"":""30 Mar 2022"",""Runtime"":""31S min"",""Genre"":""Action, Adventure, Fantasy"",""Director"":""N/A"",""Writer"":""Doug Moench"",""Actors"":""Oscar Isaac, Ethan Hawke, May Calamawy"",""Plot"":""Steven Grant discovers he's been granted the powers of an Egyptian moon god. But he soon finds out that these newfound powers can be both a blessing and a curse to his troubled life."",""Language"":""English"",""Country"":""United States"",""Awards"":""Won 1 Primetime Emmy. 1 win & 17 nominations total"",""Poster"":""https://m.media-amazon.com/images/M/MV5BYTc5OWNhYjktMThlOS00ODUxLTgwNDQtZjdjYjkyM2IwZTZlXkEyXkFqcGdeQXVyNTA3MTU2MjE@._V1_SX300.jpg"",""Ratings"":[{""Source"":""Internet Movie Database"",""Value"":""7.3/10""}],""Metascore"":""N/A"",""imdbRating"":""7.3"",""imdbVotes"":""212,947"",""imdbID"":""tt10234724"",""Type"":""series"",""totalSeasons"":""1"",""Response"":""True""}"
2,270,802,7488,3281,3281,test_urmv7oh9sojd_search,r=json;t=The+Matrix+Resurrections;apikey=anonymous;plot=short;type=movie;,search,/,GET,,,,,200,True,none,"{""Title"":""The Matrix Resurrections"",""Year"":""2021"",""Rated"":""R"",""Released"":""22 Dec 2021"",""Runtime"":""148 min"",""Genre"":""Action, Sci-Fi"",""Director"":""Lana Wachowski"",""Writer"":""Lana Wachowski, David Mitchell, Aleksandar Hemon"",""Actors"":""Keanu Reeves, Carrie-Anne Moss, Yahya Abdul-Mateen II"",""Plot"":""Return to a world of two realities: one, everyday life; the other, what lies behind it. To find out if his reality is a construct, to truly know himself, Mr. Anderson will have to choose to follow the white rabbit once more."",""Language"":""English, French, Spanish, Japanese"",""Country"":""United States, Australia"",""Awards"":""Nominated for 1 BAFTA Award4 wins & 34 nominations total"",""Poster"":""https://m.media-amazon.com/images/M/MV5BMGJkNDJlZWUtOGM1Ny00YjNkLThiM2QtY2ZjMzQxMTIxNWNmXkEyXkFqcGdeQXVyMDM2NDM2MQ@@._V1_SX300.jpg"",""Ratings"":[{""Source"":""Internet Movie Database"",""Value"":""5.7/10""},{""Source"":""Rotten Tomatoes"",""Value"":""63%""},{""Source"":""Metacritic"",""Value"":""63/100""}],""Metascore"":""63"",""imdbRating"":""5.7"",""imdbVotes"":""239,919"",""imdbID"":""tt10838180"",""Type"":""movie"",""DVD"":""22 Dec 2021"",""BoxOffice"":""$37,686,805"",""Production"":""N/A"",""Website"":""N/A"",""Response"":""True""}"
80,97,190,5365,12526,12526,test_1h7ioiyopu69d_search,r=json;t=The+Matrix;apikey=anonymous;plot=short;,search,/,GET,,,,,200,True,none,"{""Title"":""The Matrix"",""Year"":""1999"",""Rated"":""R"",""Released"":""31 Mar 1999"",""Runtime"":""136 min"",""Genre"":""Action, Sci-Fi"",""Director"":""Lana Wachowski, Lilly Wachowski"",""Writer"":""Lilly Wachowski, Lana Wachowski"",""Actors"":""Keanu Reeves, Laurence Fishburne, Carrie-Anne Moss"",""Plot"":""When a beautiful stranger leads computer hacker Neo to a forbidding underworld, he discovers the shocking truth--the life he knows is the elaborate deception of an evil cyber-intelligence."",""Language"":""English"",""Country"":""United States, Australia"",""Awards"":""Won 4 Oscars. 42 wins & 51 nominations total"",""Poster"":""https://m.media-amazon.com/images/M/MV5BNzQzOTk3OTAtNDQ0Zi00ZTVkLWI0MTEtMDllZjNkYzNjNTc4L2ltYWdlXkEyXkFqcGdeQXVyNjU0OTQ0OTY@._V1_SX300.jpg"",""Ratings"":[{""Source"":""Internet Movie Database"",""Value"":""8.7/10""},{""Source"":""Rotten Tomatoes"",""Value"":""88%""},{""Source"":""Metacritic"",""Value"":""73/100""}],""Metascore"":""73"",""imdbRating"":""8.7"",""imdbVotes"":""1,889,334"",""imdbID"":""tt0133093"",""Type"":""movie"",""DVD"":""15 May 2007"",""BoxOffice"":""$172,076,928"",""Production"":""N/A"",""Website"":""N/A"",""Response"":""True""}"
90,323,702,8435,1992,1992,test_1h7wga4knsbxd_search,r=json;apikey=anonymous;plot=full;i=tt0816692;y=1995;,search,/,GET,,,,,200,True,none,"{""Title"":""Interstellar"",""Year"":""2014"",""Rated"":""PG-13"",""Released"":""07 Nov 2014"",""Runtime"":""169 min"",""Genre"":""Adventure, Drama, Sci-Fi"",""Director"":""Christopher Nolan"",""Writer"":""Jonathan Nolan, Christopher Nolan"",""Actors"":""Matthew McConaughey, Anne Hathaway, Jessica Chastain"",""Plot"":""Earth's future has been riddled by disasters, famines, and droughts. There is only one way to ensure mankind's survival: Interstellar travel. A newly discovered wormhole in the far reaches of our solar system allows a team of astronauts to go where no man has gone before, a planet that may have the right environment to sustain human life."",""Language"":""English"",""Country"":""United States, United Kingdom, Canada"",""Awards"":""Won 1 Oscar. 44 wins & 148 nominations total"",""Poster"":""https://m.media-amazon.com/images/M/MV5BZjdkOTU3MDktN2IxOS00OGEyLWFmMjktY2FiMmZkNWIyODZiXkEyXkFqcGdeQXVyMTMxODk2OTU@._V1_SX300.jpg"",""Ratings"":[{""Source"":""Internet Movie Database"",""Value"":""8.6/10""},{""Source"":""Rotten Tomatoes"",""Value"":""73%""},{""Source"":""Metacritic"",""Value"":""74/100""}],""Metascore"":""74"",""imdbRating"":""8.6"",""imdbVotes"":""1,774,128"",""imdbID"":""tt0816692"",""Type"":""movie"",""DVD"":""31 Mar 2015"",""BoxOffice"":""$188,020,017"",""Production"":""N/A"",""Website"":""N/A"",""Response"":""True""}"
4,192,341,6902,4543,4543,test_ubmdbnl2dbhf_search,apikey=anonymous;plot=short;i=tt7820276;y=2012;,search,/,GET,,,,,200,True,none,"{""Title"":""A Dark Knight: Mandatory Brunch Meeting"",""Year"":""2018"",""Rated"":""TV-14"",""Released"":""05 Apr 2018"",""Season"":""4"",""Episode"":""17"",""Runtime"":""43 min"",""Genre"":""Action, Crime, Drama"",""Director"":""Maja Vrvilo"",""Writer"":""Bruno Heller, Bob Kane, Bill Finger"",""Actors"":""Ben McKenzie, Donal Logue, David Mazouz"",""Plot"":""Gordon and Bullock try to stay one step ahead as Jerome zeros in on his next target. Meanwhile, Nygma hosts a riddle game show in the Narrows and faces his toughest challenger in Lee Thompkins, and Penguin goes to see Butch with a..."",""Language"":""English"",""Country"":""N/A"",""Awards"":""N/A"",""Poster"":""https://m.media-amazon.com/images/M/MV5BMzdiMTEwMTMtNTgzYS00MzJhLTgzNDQtOTk5Y2YyZjEwZWY0XkEyXkFqcGdeQXVyNTgyNDM1OTU@._V1_SX300.jpg"",""Ratings"":[{""Source"":""Internet Movie Database"",""Value"":""8.4/10""}],""Metascore"":""N/A"",""imdbRating"":""8.4"",""imdbVotes"":""1901"",""imdbID"":""tt7820276"",""seriesID"":""tt3749900"",""Type"":""episode"",""Response"":""True""}"
43,122,868,6861,7256,7256,test_1jy87jz0i06le_search,apikey=anonymous;plot=short;i=tt0096697;y=2019;,search,/,GET,,,,,200,True,none,"{""Title"":""The Simpsons"",""Year"":""1989–"",""Rated"":""TV-14"",""Released"":""17 Dec 1989"",""Runtime"":""22 min"",""Genre"":""Animation, Comedy"",""Director"":""N/A"",""Writer"":""James L. Brooks, Matt Groening, Sam Simon"",""Actors"":""Dan Castellaneta, Nancy Cartwright, Harry Shearer"",""Plot"":""The satiric adventures of a working-class family in the misfit city of Springfield."",""Language"":""English"",""Country"":""United States"",""Awards"":""Won 35 Primetime Emmys. 178 wins & 343 nominations total"",""Poster"":""https://m.media-amazon.com/images/M/MV5BYjFkMTlkYWUtZWFhNy00M2FmLThiOTYtYTRiYjVlZWYxNmJkXkEyXkFqcGdeQXVyNTAyODkwOQ@@._V1_SX300.jpg"",""Ratings"":[{""Source"":""Internet Movie Database"",""Value"":""8.7/10""},{""Source"":""Rotten Tomatoes"",""Value"":""89%""}],""Metascore"":""N/A"",""imdbRating"":""8.7"",""imdbVotes"":""400,884"",""imdbID"":""tt0096697"",""Type"":""series"",""totalSeasons"":""34"",""Response"":""True""}"
69,91,881,2079,5619,5619,test_tonzcx0ynjvo_search,r=json;t=Batman+Begins;apikey=anonymous;plot=short;,search,/,GET,,,,,200,True,none,"{""Title"":""Batman Begins"",""Year"":""2005"",""Rated"":""PG-13"",""Released"":""15 Jun 2005"",""Runtime"":""140 min"",""Genre"":""Action, Crime, Drama"",""Director"":""Christopher Nolan"",""Writer"":""Bob Kane, David S. Goyer, Christopher Nolan"",""Actors"":""Christian Bale, Michael Caine, Ken Watanabe"",""Plot"":""After training with his mentor, Batman begins his fight to free crime-ridden Gotham City from corruption."",""Language"":""English, Mandarin"",""Country"":""United States, United Kingdom"",""Awards"":""Nominated for 1 Oscar. 13 wins & 79 nominations total"",""Poster"":""https://m.media-amazon.com/images/M/MV5BOTY4YjI2N2MtYmFlMC00ZjcyLTg3YjEtMDQyM2ZjYzQ5YWFkXkEyXkFqcGdeQXVyMTQxNzMzNDI@._V1_SX300.jpg"",""Ratings"":[{""Source"":""Internet Movie Database"",""Value"":""8.2/10""},{""Source"":""Rotten Tomatoes"",""Value"":""84%""},{""Source"":""Metacritic"",""Value"":""70/100""}],""Metascore"":""70"",""imdbRating"":""8.2"",""imdbVotes"":""1,452,552"",""imdbID"":""tt0372784"",""Type"":""movie"",""DVD"":""18 Oct 2005"",""BoxOffice"":""$206,863,479"",""Production"":""N/A"",""Website"":""N/A"",""Response"":""True""}"
34,118,379,6837,3550,3550,test_1k1r81hg2vp0j_search,r=json;t=Dororo;apikey=anonymous;plot=full;,search,/,GET,,,,,200,True,none,"{""Title"":""Dororo"",""Year"":""2019"",""Rated"":""Not Rated"",""Released"":""07 Jan 2019"",""Runtime"":""30 min"",""Genre"":""Animation, Action, Adventure"",""Director"":""N/A"",""Writer"":""N/A"",""Actors"":""Jason Douglas, Rio Suzuki, Mugihito"",""Plot"":""Daigo Kagemitsu, who works for a Samurai general in Japan's Warring States period, promises to offer body parts of his unborn baby to 48 demons in exchange for complete domination of the country. When the baby boy is born, Daigo has him thrown into a river, expecting the boy to die. A kind sage, however, finds him and adopts him. The sage fits out his poor son with prosthetics. Time goes by and the baby grows into a boy who calls himself Hyakkimaru. Every time Hyakkimaru eliminates a demon, he retrieves one of his body parts. Hyakkimaru rescues a boy thief named Dororo from a band of men whom the young boy tried to rob. Together they travel the countryside in search of the demons who possess Hyakkimaru's parts. Throughout their travels, they face a host of monsters and ghosts."",""Language"":""Japanese"",""Country"":""Japan"",""Awards"":""1 win & 3 nominations"",""Poster"":""https://m.media-amazon.com/images/M/MV5BMTMwNmQyM2EtMDQ2My00Y2FhLWJlYTYtMDMwYWU4MzAwYmI3XkEyXkFqcGdeQXVyMTQ3MjMyMTYz._V1_SX300.jpg"",""Ratings"":[{""Source"":""Internet Movie Database"",""Value"":""8.3/10""}],""Metascore"":""N/A"",""imdbRating"":""8.3"",""imdbVotes"":""12,806"",""imdbID"":""tt9458304"",""Type"":""series"",""totalSeasons"":""1"",""Response"":""True""}"
40,320,356,67,7658,7658,test_vbce79rybs55_search,t=V+for+Vendetta;apikey=anonymous;plot=short;,search,/,GET,,,,,200,True,none,"{""Title"":""V for Vendetta"",""Year"":""2005"",""Rated"":""R"",""Released"":""17 Mar 2006"",""Runtime"":""132 min"",""Genre"":""Action, Drama, Sci-Fi"",""Director"":""James McTeigue"",""Writer"":""Lilly Wachowski, Lana Wachowski, David Lloyd"",""Actors"":""Hugo Weaving, Natalie Portman, Rupert Graves"",""Plot"":""In a future British dystopian society, a shadowy freedom fighter, known only by the alias of \""V\"", plots to overthrow the tyrannical government - with the help of a young woman."",""Language"":""English"",""Country"":""United States, United Kingdom, Germany"",""Awards"":""7 wins & 29 nominations"",""Poster"":""https://m.media-amazon.com/images/M/MV5BOTI5ODc3NzExNV5BMl5BanBnXkFtZTcwNzYxNzQzMw@@._V1_SX300.jpg"",""Ratings"":[{""Source"":""Internet Movie Database"",""Value"":""8.2/10""},{""Source"":""Rotten Tomatoes"",""Value"":""73%""},{""Source"":""Metacritic"",""Value"":""62/100""}],""Metascore"":""62"",""imdbRating"":""8.2"",""imdbVotes"":""1,112,280"",""imdbID"":""tt0434409"",""Type"":""movie"",""DVD"":""01 Aug 2006"",""BoxOffice"":""$70,511,035"",""Production"":""N/A"",""Website"":""N/A"",""Response"":""True""}"
25,99,109,8078,2107,2107,test_1if11wxogggfq_search,r=json;apikey=anonymous;i=tt0047478;,search,/,GET,,,,,200,True,none,"{""Title"":""Seven Samurai"",""Year"":""1954"",""Rated"":""Not Rated"",""Released"":""19 Nov 1956"",""Runtime"":""207 min"",""Genre"":""Action, Drama"",""Director"":""Akira Kurosawa"",""Writer"":""Akira Kurosawa, Shinobu Hashimoto, Hideo Oguni"",""Actors"":""Toshirô Mifune, Takashi Shimura, Keiko Tsushima"",""Plot"":""Farmers from a village exploited by bandits hire a veteran samurai for protection, who gathers six other samurai to join him. As the samurai teach the peasants how to defend themselves, the village is attacked by an army of bandits."",""Language"":""Japanese"",""Country"":""Japan"",""Awards"":""Nominated for 2 Oscars. 5 wins & 8 nominations total"",""Poster"":""https://m.media-amazon.com/images/M/MV5BNWQ3OTM4ZGItMWEwZi00MjI5LWI3YzgtNTYwNWRkNmIzMGI5XkEyXkFqcGdeQXVyNDY2MTk1ODk@._V1_SX300.jpg"",""Ratings"":[{""Source"":""Internet Movie Database"",""Value"":""8.6/10""},{""Source"":""Rotten Tomatoes"",""Value"":""100%""},{""Source"":""Metacritic"",""Value"":""98/100""}],""Metascore"":""98"",""imdbRating"":""8.6"",""imdbVotes"":""342,946"",""imdbID"":""tt0047478"",""Type"":""movie"",""DVD"":""05 Sep 2006"",""BoxOffice"":""$318,649"",""Production"":""N/A"",""Website"":""N/A"",""Response"":""True""}"
98,174,441,5122,9715,9715,test_1k22bwt3jf1v7_search,apikey=anonymous;plot=short;i=tt10648342;y=2019;,search,/,GET,,,,,200,True,none,"{""Title"":""Thor: Love and Thunder"",""Year"":""2022"",""Rated"":""PG-13"",""Released"":""08 Jul 2022"",""Runtime"":""31S min"",""Genre"":""Action, Adventure, Comedy"",""Director"":""Taika Waititi"",""Writer"":""Taika Waititi, Jennifer Kaytin Robinson, Stan Lee"",""Actors"":""Chris Hemsworth, Natalie Portman, Christian Bale"",""Plot"":""Thor enlists the help of Valkyrie, Korg and ex-girlfriend Jane Foster to fight Gorr the God Butcher, who intends to make the gods extinct."",""Language"":""English"",""Country"":""Australia, United States"",""Awards"":""3 nominations"",""Poster"":""https://m.media-amazon.com/images/M/MV5BYmMxZWRiMTgtZjM0Ny00NDQxLWIxYWQtZDdlNDNkOTEzYTdlXkEyXkFqcGdeQXVyMTkxNjUyNQ@@._V1_SX300.jpg"",""Ratings"":[{""Source"":""Internet Movie Database"",""Value"":""6.7/10""},{""Source"":""Rotten Tomatoes"",""Value"":""65%""},{""Source"":""Metacritic"",""Value"":""57/100""}],""Metascore"":""57"",""imdbRating"":""6.7"",""imdbVotes"":""174,546"",""imdbID"":""tt10648342"",""Type"":""movie"",""DVD"":""N/A"",""BoxOffice"":""$337,952,296"",""Production"":""N/A"",""Website"":""N/A"",""Response"":""True""}"
65,59,144,9941,2710,2710,test_r1ivjw0g669j_search,r=json;apikey=anonymous;plot=full;i=tt6674736;,search,/,GET,,,,,200,True,none,"{""Title"":""The Stockholm Syndrome"",""Year"":""2019"",""Rated"":""TV-PG"",""Released"":""16 May 2019"",""Season"":""12"",""Episode"":""24"",""Runtime"":""23 min"",""Genre"":""Comedy, Romance"",""Director"":""Mark Cendrowski"",""Writer"":""Chuck Lorre, Bill Prady, Steve Holland"",""Actors"":""Johnny Galecki, Jim Parsons, Kaley Cuoco"",""Plot"":""Bernadette and Wolowitz leave their kids for the first time; Penny and Leonard try to keep a secret; Sheldon and Amy stick together; and Koothrappali makes a new friend, as the gang travels together into an uncharted future."",""Language"":""English"",""Country"":""United States"",""Awards"":""N/A"",""Poster"":""https://m.media-amazon.com/images/M/MV5BZWVhZjIwNTctOTZhOS00YWI0LTkwYjItYjM1MDk2MjE1YjliXkEyXkFqcGdeQXVyMTAzMDYyNjE1._V1_SX300.jpg"",""Ratings"":[{""Source"":""Internet Movie Database"",""Value"":""9.5/10""}],""Metascore"":""N/A"",""imdbRating"":""9.5"",""imdbVotes"":""8937"",""imdbID"":""tt6674736"",""seriesID"":""tt0898266"",""Type"":""episode"",""Response"":""True""}"
78,449,610,7082,4010,4010,test_vf0xgfnne4py_search,apikey=anonymous;plot=short;i=tt10648342;y=2016;type=series;,search,/,GET,,,,,200,True,none,"{""Title"":""Thor: Love and Thunder"",""Year"":""2022"",""Rated"":""PG-13"",""Released"":""08 Jul 2022"",""Runtime"":""31S min"",""Genre"":""Action, Adventure, Comedy"",""Director"":""Taika Waititi"",""Writer"":""Taika Waititi, Jennifer Kaytin Robinson, Stan Lee"",""Actors"":""Chris Hemsworth, Natalie Portman, Christian Bale"",""Plot"":""Thor enlists the help of Valkyrie, Korg and ex-girlfriend Jane Foster to fight Gorr the God Butcher, who intends to make the gods extinct."",""Language"":""English"",""Country"":""Australia, United States"",""Awards"":""3 nominations"",""Poster"":""https://m.media-amazon.com/images/M/MV5BYmMxZWRiMTgtZjM0Ny00NDQxLWIxYWQtZDdlNDNkOTEzYTdlXkEyXkFqcGdeQXVyMTkxNjUyNQ@@._V1_SX300.jpg"",""Ratings"":[{""Source"":""Internet Movie Database"",""Value"":""6.7/10""},{""Source"":""Rotten Tomatoes"",""Value"":""65%""},{""Source"":""Metacritic"",""Value"":""57/100""}],""Metascore"":""57"",""imdbRating"":""6.7"",""imdbVotes"":""174,546"",""imdbID"":""tt10648342"",""Type"":""movie"",""DVD"":""N/A"",""BoxOffice"":""$337,952,296"",""Production"":""N/A"",""Website"":""N/A"",""Response"":""True""}"
57,305,655,4995,9142,9142,test_t4yy83p9y7ud_search,apikey=anonymous;i=tt12193804;y=2016;,search,/,GET,,,,,200,True,none,"{""Title"":""I Wanna Dance with Somebody"",""Year"":""2022"",""Rated"":""N/A"",""Released"":""21 Dec 2022"",""Runtime"":""2 min"",""Genre"":""Biography, Drama, Music"",""Director"":""Kasi Lemmons"",""Writer"":""Anthony McCarten"",""Actors"":""Stanley Tucci, Clarke Peters, Tamara Tunie"",""Plot"":""The joyous, emotional, heartbreaking celebration of the life and music of Whitney Houston, the greatest female R&amp;B pop vocalist of all time. Tracking her journey from obscurity to musical superstardom."",""Language"":""English"",""Country"":""United States"",""Awards"":""N/A"",""Poster"":""https://m.media-amazon.com/images/M/MV5BODY5OGI0MzYtZTdkMi00NjU1LTkzYjAtNDA5M2ZlYjFlODgzXkEyXkFqcGdeQXVyODk4OTc3MTY@._V1_SX300.jpg"",""Ratings"":[],""Metascore"":""N/A"",""imdbRating"":""N/A"",""imdbVotes"":""N/A"",""imdbID"":""tt12193804"",""Type"":""movie"",""DVD"":""N/A"",""BoxOffice"":""N/A"",""Production"":""N/A"",""Website"":""N/A"",""Response"":""True""}"
85,283,524,3898,4009,4009,test_1iv9d6qxser8j_search,apikey=anonymous;plot=short;i=tt6751668;,search,/,GET,,,,,200,True,none,"{""Title"":""Parasite"",""Year"":""2019"",""Rated"":""R"",""Released"":""08 Nov 2019"",""Runtime"":""132 min"",""Genre"":""Comedy, Drama, Thriller"",""Director"":""Bong Joon Ho"",""Writer"":""Bong Joon Ho, Han Jin-won"",""Actors"":""Song Kang-ho, Sun-kyun Lee, Cho Yeo-jeong"",""Plot"":""Greed and class discrimination threaten the newly formed symbiotic relationship between the wealthy Park family and the destitute Kim clan."",""Language"":""Korean, English"",""Country"":""South Korea"",""Awards"":""Won 4 Oscars. 308 wins & 271 nominations total"",""Poster"":""https://m.media-amazon.com/images/M/MV5BYWZjMjk3ZTItODQ2ZC00NTY5LWE0ZDYtZTI3MjcwN2Q5NTVkXkEyXkFqcGdeQXVyODk4OTc3MTY@._V1_SX300.jpg"",""Ratings"":[{""Source"":""Internet Movie Database"",""Value"":""8.5/10""},{""Source"":""Rotten Tomatoes"",""Value"":""99%""},{""Source"":""Metacritic"",""Value"":""96/100""}],""Metascore"":""96"",""imdbRating"":""8.5"",""imdbVotes"":""769,950"",""imdbID"":""tt6751668"",""Type"":""movie"",""DVD"":""11 Oct 2019"",""BoxOffice"":""$53,369,749"",""Production"":""N/A"",""Website"":""N/A"",""Response"":""True""}"
18,310,556,7034,7134,7134,test_rh4y8d19a7u9_search,t=Sonic+the+Hedgehog+2;apikey=anonymous;plot=short;,search,/,GET,,,,,200,True,none,"{""Title"":""Sonic the Hedgehog 2"",""Year"":""2022"",""Rated"":""PG"",""Released"":""08 Apr 2022"",""Runtime"":""122 min"",""Genre"":""Action, Adventure, Comedy"",""Director"":""Jeff Fowler"",""Writer"":""Pat Casey, Josh Miller, John Whittington"",""Actors"":""James Marsden, Jim Carrey, Ben Schwartz"",""Plot"":""When the manic Dr Robotnik returns to Earth with a new ally, Knuckles the Echidna, Sonic and his new friend Tails is all that stands in their way."",""Language"":""English, Russian, French, Latin, Hawaiian, Greek"",""Country"":""United States, Japan"",""Awards"":""N/A"",""Poster"":""https://m.media-amazon.com/images/M/MV5BODRlNTY5ZjktZjE0Ni00YjZhLTk3NTItYzk0ZjYxN2QxMWEzXkEyXkFqcGdeQXVyMjMwNDgzNjc@._V1_SX300.jpg"",""Ratings"":[{""Source"":""Internet Movie Database"",""Value"":""6.5/10""},{""Source"":""Rotten Tomatoes"",""Value"":""69%""},{""Source"":""Metacritic"",""Value"":""47/100""}],""Metascore"":""47"",""imdbRating"":""6.5"",""imdbVotes"":""59,801"",""imdbID"":""tt12412888"",""Type"":""movie"",""DVD"":""24 May 2022"",""BoxOffice"":""$190,872,904"",""Production"":""N/A"",""Website"":""N/A"",""Response"":""True""}"
27,48,49,7437,5973,5973,test_s4xg2fcckoro_search,r=json;t=A+tale+of+two+guns;apikey=anonymous;,search,/,GET,,,,,200,True,none,"{""Title"":""A Tale of Two Guns"",""Year"":""2022"",""Rated"":""N/A"",""Released"":""17 Feb 2022"",""Runtime"":""2 min"",""Genre"":""Western"",""Director"":""Justin Lee"",""Writer"":""Justin Lee"",""Actors"":""Tom Berenger, Casper Van Dien, Ed Morrone"",""Plot"":""In the lawless West, The Cowboys a notorious brotherhood of killers and thieves reigned over the land with brutal fists and fast guns. Fate had finally caught up with them - and now the merciless gang has but a single surviving me..."",""Language"":""English"",""Country"":""United States"",""Awards"":""N/A"",""Poster"":""https://m.media-amazon.com/images/M/MV5BMTBjMWU3OWUtYTE0Yy00YTZkLTllZGEtMDIwNDhiNjIxZmNkXkEyXkFqcGdeQXVyMTQwMDg5NjIw._V1_SX300.jpg"",""Ratings"":[{""Source"":""Internet Movie Database"",""Value"":""3.8/10""}],""Metascore"":""N/A"",""imdbRating"":""3.8"",""imdbVotes"":""204"",""imdbID"":""tt16513514"",""Type"":""movie"",""DVD"":""N/A"",""BoxOffice"":""N/A"",""Production"":""N/A"",""Website"":""N/A"",""Response"":""True""}"
91,421,96,2852,9642,9642,test_to4mi0n7svom_search,t=The+Big+Bang+Theory;apikey=anonymous;plot=short;type=series;,search,/,GET,,,,,200,True,none,"{""Title"":""The Big Bang Theory"",""Year"":""2007–2019"",""Rated"":""TV-PG"",""Released"":""01 May 2006"",""Runtime"":""22 min"",""Genre"":""Comedy, Romance"",""Director"":""N/A"",""Writer"":""Chuck Lorre, Bill Prady"",""Actors"":""Johnny Galecki, Jim Parsons, Kaley Cuoco"",""Plot"":""A woman who moves into an apartment across the hall from two brilliant but socially awkward physicists shows them how little they know about life outside of the laboratory."",""Language"":""English, Hindi, Italian, Russian, Mandarin, Klingon"",""Country"":""United States"",""Awards"":""Won 10 Primetime Emmys. 79 wins & 252 nominations total"",""Poster"":""https://m.media-amazon.com/images/M/MV5BY2FmZTY5YTktOWRlYy00NmIyLWE0ZmQtZDg2YjlmMzczZDZiXkEyXkFqcGdeQXVyNjg4NzAyOTA@._V1_SX300.jpg"",""Ratings"":[{""Source"":""Internet Movie Database"",""Value"":""8.2/10""}],""Metascore"":""N/A"",""imdbRating"":""8.2"",""imdbVotes"":""797,936"",""imdbID"":""tt0898266"",""Type"":""series"",""totalSeasons"":""12"",""Response"":""True""}"
31,407,124,6870,2394,2394,test_1jicrm0zpkh80_search,apikey=anonymous;i=tt3984176;,search,/,GET,,,,,200,True,none,"{""Title"":""The Gang Hits the Slopes"",""Year"":""2016"",""Rated"":""TV-MA"",""Released"":""20 Jan 2016"",""Season"":""N/A"",""Episode"":""N/A"",""Runtime"":""23 min"",""Genre"":""Comedy"",""Director"":""Heath Cullens"",""Writer"":""Rob McElhenney, Glenn Howerton, Dave Chernin"",""Actors"":""Charlie Day, Glenn Howerton, Rob McElhenney"",""Plot"":""Dennis and Frank square off against Dee and Mac for control of the mountain, while Charlie learns that the slopes have their own set of rules."",""Language"":""English"",""Country"":""United States"",""Awards"":""N/A"",""Poster"":""https://m.media-amazon.com/images/M/MV5BMjgyZTVhMzQtZGRmZS00MjkwLTk5OGQtMjMzZGEyYmE0MjE4XkEyXkFqcGdeQXVyNTA1ODEzMzI@._V1_SX300.jpg"",""Ratings"":[{""Source"":""Internet Movie Database"",""Value"":""8.5/10""}],""Metascore"":""N/A"",""imdbRating"":""8.5"",""imdbVotes"":""2750"",""imdbID"":""tt3984176"",""seriesID"":""N/A"",""Type"":""episode"",""Response"":""True""}"
66,293,593,7183,1712,1712,test_skvm5ti1i987_search,t=Blade+Runner;apikey=anonymous;plot=full;,search,/,GET,,,,,200,True,none,"{""Title"":""Blade Runner"",""Year"":""1982"",""Rated"":""R"",""Released"":""25 Jun 1982"",""Runtime"":""117 min"",""Genre"":""Action, Drama, Sci-Fi"",""Director"":""Ridley Scott"",""Writer"":""Hampton Fancher, David Webb Peoples, Philip K. Dick"",""Actors"":""Harrison Ford, Rutger Hauer, Sean Young"",""Plot"":""In the early twenty-first century, the Tyrell Corporation, during what was called the Nexus phase, developed robots, called \""replicants\"", that were supposed to aid society, the replicants which looked and acted like humans. When the superhuman generation Nexus 6 replicants, used for dangerous off-Earth endeavors, began a mutiny on an off-Earth colony, replicants became illegal on Earth. Police units, called \""blade runners\"", have the job of destroying - or in their parlance \""retiring\"" - any replicant that makes its way back to or created on Earth, with anyone convicted of aiding or assisting a replicant being sentenced to death. It's now November, 2019 in Los Angeles, California. Rick Deckard, a former blade runner, is called out of retirement when four known replicants, most combat models, have made their way back to Earth, with their leader being Roy Batty. One, Leon Kowalski, tried to infiltrate his way into the Tyrell Corporation as an employee, but has since been able to escape. Beyond following Leon's trail in hopes of finding and retiring them all, Deckard believes part of what will help him is figuring out what the replicants wanted with the Tyrell Corporation in trying to infiltrate it. The answer may lie with Tyrell's fail-safe backup mechanism. Beyond tracking the four, Deckard faces a possible dilemma in encountering a fifth replicant: Rachael, who works as Tyrell's assistant. The issue is that Dr. Elden Tyrell is experimenting with her, to provide her with fake memories so as to be able to better control her. With those memories, Rachael has no idea that she is not human. The problem is not only Rachael's assistance to Deckard, but that he is beginning to develop feelings for her."",""Language"":""English, German, Cantonese, Japanese, Hungarian, Arabic, Korean"",""Country"":""United States"",""Awards"":""Nominated for 2 Oscars. 12 wins & 19 nominations total"",""Poster"":""https://m.media-amazon.com/images/M/MV5BNzQzMzJhZTEtOWM4NS00MTdhLTg0YjgtMjM4MDRkZjUwZDBlXkEyXkFqcGdeQXVyNjU0OTQ0OTY@._V1_SX300.jpg"",""Ratings"":[{""Source"":""Internet Movie Database"",""Value"":""8.1/10""},{""Source"":""Rotten Tomatoes"",""Value"":""89%""},{""Source"":""Metacritic"",""Value"":""84/100""}],""Metascore"":""84"",""imdbRating"":""8.1"",""imdbVotes"":""759,861"",""imdbID"":""tt0083658"",""Type"":""movie"",""DVD"":""30 Oct 2001"",""BoxOffice"":""$32,914,489"",""Production"":""N/A"",""Website"":""N/A"",""Response"":""True""}"
52,151,5,2424,3378,3378,test_1iyi9q1bi1t89_search,t=The+Lord+of+the+Rings%3A+The+Return+of+the+King;apikey=anonymous;,search,/,GET,,,,,200,True,none,"{""Title"":""The Lord of the Rings: The Return of the King"",""Year"":""2003"",""Rated"":""PG-13"",""Released"":""17 Dec 2003"",""Runtime"":""201 min"",""Genre"":""Action, Adventure, Drama"",""Director"":""Peter Jackson"",""Writer"":""J.R.R. Tolkien, Fran Walsh, Philippa Boyens"",""Actors"":""Elijah Wood, Viggo Mortensen, Ian McKellen"",""Plot"":""Gandalf and Aragorn lead the World of Men against Sauron's army to draw his gaze from Frodo and Sam as they approach Mount Doom with the One Ring."",""Language"":""English, Quenya, Old English, Sindarin"",""Country"":""New Zealand, United States"",""Awards"":""Won 11 Oscars. 209 wins & 124 nominations total"",""Poster"":""https://m.media-amazon.com/images/M/MV5BNzA5ZDNlZWMtM2NhNS00NDJjLTk4NDItYTRmY2EwMWZlMTY3XkEyXkFqcGdeQXVyNzkwMjQ5NzM@._V1_SX300.jpg"",""Ratings"":[{""Source"":""Internet Movie Database"",""Value"":""9.0/10""},{""Source"":""Rotten Tomatoes"",""Value"":""93%""},{""Source"":""Metacritic"",""Value"":""94/100""}],""Metascore"":""94"",""imdbRating"":""9.0"",""imdbVotes"":""1,805,351"",""imdbID"":""tt0167260"",""Type"":""movie"",""DVD"":""25 May 2004"",""BoxOffice"":""$378,251,207"",""Production"":""N/A"",""Website"":""N/A"",""Response"":""True""}"
29,155,611,7105,3901,3901,test_1h85ap6c9mtlt_search,apikey=anonymous;i=tt11198336;,search,/,GET,,,,,200,True,none,"{""Title"":""The Rogue Prince"",""Year"":""2022"",""Rated"":""TV-MA"",""Released"":""28 Aug 2022"",""Season"":""1"",""Episode"":""2"",""Runtime"":""54 min"",""Genre"":""Action, Adventure, Drama"",""Director"":""Greg Yaitanes"",""Writer"":""George R.R. Martin, Ryan J. Condal"",""Actors"":""Paddy Considine, Matt Smith, Rhys Ifans"",""Plot"":""Rhaenyra oversteps at the Small Council. Viserys is urged to secure the succession through marriage. Daemon announces his intentions."",""Language"":""English"",""Country"":""United States"",""Awards"":""N/A"",""Poster"":""https://m.media-amazon.com/images/M/MV5BZmFhYzRlM2YtY2EyYS00YTZiLTkzZGYtZTkxMWNhYTMxMDg5XkEyXkFqcGdeQXVyMjk3NTUyOTc@._V1_SX300.jpg"",""Ratings"":[{""Source"":""Internet Movie Database"",""Value"":""8.5/10""}],""Metascore"":""N/A"",""imdbRating"":""8.5"",""imdbVotes"":""26177"",""imdbID"":""tt11198336"",""seriesID"":""t11198330"",""Type"":""episode"",""Response"":""True""}"
50,397,514,4822,8392,8392,test_uvbx3ov60gfr_search,apikey=anonymous;plot=full;i=tt19268098;,search,/,GET,,,,,200,True,none,"{""Title"":""First Blood"",""Year"":""2022"",""Rated"":""TV-14"",""Released"":""15 May 2022"",""Season"":""20"",""Episode"":""19"",""Runtime"":""22 min"",""Genre"":""Animation, Comedy"",""Director"":""Mike Kim"",""Writer"":""Seth MacFarlane, David Zuckerman, Alex Carter"",""Actors"":""Seth MacFarlane, Alex Borstein, Seth Green"",""Plot"":""Peter and the guys test their physical prowess at Mayor West's dude ranch; Stewie believes he's gotten his first period."",""Language"":""English"",""Country"":""United States"",""Awards"":""N/A"",""Poster"":""https://m.media-amazon.com/images/M/MV5BYTM0ODc5MDUtZTk1OS00M2ViLTg4ODYtMDQ5MjUwOGZlZGE4XkEyXkFqcGdeQXVyMjYwNDA2MDE@._V1_SX300.jpg"",""Ratings"":[{""Source"":""Internet Movie Database"",""Value"":""6.2/10""}],""Metascore"":""N/A"",""imdbRating"":""6.2"",""imdbVotes"":""376"",""imdbID"":""tt19268098"",""seriesID"":""tt0182576"",""Type"":""episode"",""Response"":""True""}"
64,354,887,9595,12089,12089,test_1hbaf5em1irzp_search,r=json;apikey=anonymous;i=tt8772218;y=2004;type=series;,search,/,GET,,,,,200,True,none,"{""Title"":""Bagman"",""Year"":""2020"",""Rated"":""TV-MA"",""Released"":""06 Apr 2020"",""Season"":""5"",""Episode"":""8"",""Runtime"":""54 min"",""Genre"":""Crime, Drama"",""Director"":""Vince Gilligan"",""Writer"":""Vince Gilligan, Peter Gould, Gordon Smith"",""Actors"":""Bob Odenkirk, Jonathan Banks, Rhea Seehorn"",""Plot"":""When a simple errand for a client goes sideways, Jimmy is pushed to the limit; Mike takes measures to contain the wrath of the cartel; Lalo gets an unexpected visitor."",""Language"":""English"",""Country"":""United States"",""Awards"":""N/A"",""Poster"":""https://m.media-amazon.com/images/M/MV5BM2UzNWM2MDAtYTUwMC00NzUxLWI4NjAtMDY1YmRmNjg3MDJlXkEyXkFqcGdeQXVyNjczOTE0MzM@._V1_SX300.jpg"",""Ratings"":[{""Source"":""Internet Movie Database"",""Value"":""9.7/10""}],""Metascore"":""N/A"",""imdbRating"":""9.7"",""imdbVotes"":""21299"",""imdbID"":""tt8772218"",""seriesID"":""tt3032476"",""Type"":""episode"",""Response"":""True""}"
86,194,276,622,10326,10326,test_1ib0h9d1zls1d_search,r=json;apikey=anonymous;plot=short;i=tt4463986;y=1982;type=episode;,search,/,GET,,,,,200,True,none,"{""Title"":""The Gang Goes to Hell: Part Two"",""Year"":""2016"",""Rated"":""TV-MA"",""Released"":""09 Mar 2016"",""Season"":""11"",""Episode"":""10"",""Runtime"":""25 min"",""Genre"":""Comedy"",""Director"":""Todd Biermann"",""Writer"":""Rob McElhenney, Glenn Howerton, David Hornsby"",""Actors"":""Charlie Day, Glenn Howerton, Rob McElhenney"",""Plot"":""The gang gets real with one another in the face of death."",""Language"":""N/A"",""Country"":""N/A"",""Awards"":""N/A"",""Poster"":""https://m.media-amazon.com/images/M/MV5BODRhNmEwOGItNDFhMi00OWM4LTk5YzQtOGI0MjhiMmQ2Yzg5L2ltYWdlL2ltYWdlXkEyXkFqcGdeQXVyNDgwNzUxMzQ@._V1_SX300.jpg"",""Ratings"":[],""Metascore"":""N/A"",""imdbRating"":""N/A"",""imdbVotes"":""2085"",""imdbID"":""tt4463986"",""seriesID"":""tt0472954"",""Type"":""episode"",""Response"":""True""}"
42,309,133,2580,12725,12725,test_s0uj8uibchuu_search,r=json;t=The+Lord+of+the+Rings%3A+The+Fellowship+of+the+Ring;apikey=anonymous;,search,/,GET,,,,,200,True,none,"{""Title"":""The Lord of the Rings: The Fellowship of the Ring"",""Year"":""2001"",""Rated"":""PG-13"",""Released"":""19 Dec 2001"",""Runtime"":""178 min"",""Genre"":""Action, Adventure, Drama"",""Director"":""Peter Jackson"",""Writer"":""J.R.R. Tolkien, Fran Walsh, Philippa Boyens"",""Actors"":""Elijah Wood, Ian McKellen, Orlando Bloom"",""Plot"":""A meek Hobbit from the Shire and eight companions set out on a journey to destroy the powerful One Ring and save Middle-earth from the Dark Lord Sauron."",""Language"":""English, Sindarin"",""Country"":""New Zealand, United States"",""Awards"":""Won 4 Oscars. 121 wins & 126 nominations total"",""Poster"":""https://m.media-amazon.com/images/M/MV5BN2EyZjM3NzUtNWUzMi00MTgxLWI0NTctMzY4M2VlOTdjZWRiXkEyXkFqcGdeQXVyNDUzOTQ5MjY@._V1_SX300.jpg"",""Ratings"":[{""Source"":""Internet Movie Database"",""Value"":""8.8/10""},{""Source"":""Rotten Tomatoes"",""Value"":""91%""},{""Source"":""Metacritic"",""Value"":""92/100""}],""Metascore"":""92"",""imdbRating"":""8.8"",""imdbVotes"":""1,827,055"",""imdbID"":""tt0120737"",""Type"":""movie"",""DVD"":""06 Aug 2002"",""BoxOffice"":""$316,115,420"",""Production"":""N/A"",""Website"":""N/A"",""Response"":""True""}"
87,126,828,5111,1947,1947,test_1jydbipw2pt9i_search,r=json;apikey=anonymous;i=tt0318871;,search,/,GET,,,,,200,True,none,"{""Title"":""Berserk"",""Year"":""1997–1998"",""Rated"":""TV-14"",""Released"":""28 May 2002"",""Runtime"":""2 min"",""Genre"":""Animation, Action, Adventure"",""Director"":""N/A"",""Writer"":""Kentaro Miura"",""Actors"":""Marc Diraison, Nobutoshi Canna, Carrie Keranen"",""Plot"":""Guts is a skilled swordsman who joins forces with a mercenary group named 'The Band of the Hawk', lead by the charismatic Griffith, and fights with them as they battle their way into the royal court."",""Language"":""Japanese"",""Country"":""Japan"",""Awards"":""N/A"",""Poster"":""https://m.media-amazon.com/images/M/MV5BZWIzNzQ3ZDctODYxYi00YjUwLTg1MDgtMDg4Mzc0NWM4ZGY0XkEyXkFqcGdeQXVyNjAwNDUxODI@._V1_SX300.jpg"",""Ratings"":[{""Source"":""Internet Movie Database"",""Value"":""8.7/10""}],""Metascore"":""N/A"",""imdbRating"":""8.7"",""imdbVotes"":""38,379"",""imdbID"":""tt0318871"",""Type"":""series"",""totalSeasons"":""1"",""Response"":""True""}"
37,415,191,5349,6454,6454,test_qec48xcerv3o_search,apikey=anonymous;plot=full;i=tt16091638;,search,/,GET,,,,,200,True,none,"{""Title"":""Christmas Crime"",""Year"":""2021"",""Rated"":""TV-14"",""Released"":""19 Dec 2021"",""Season"":""20"",""Episode"":""10"",""Runtime"":""22 min"",""Genre"":""Animation, Comedy"",""Director"":""Mike Kim"",""Writer"":""Seth MacFarlane, David Zuckerman, Steve Callaghan"",""Actors"":""Seth MacFarlane, Alex Borstein, Seth Green"",""Plot"":""Brian is accused of ruining Mayor West's nativity scene."",""Language"":""English"",""Country"":""United States"",""Awards"":""N/A"",""Poster"":""https://m.media-amazon.com/images/M/MV5BMjM1NjVlODEtYzkyYy00ZjQ2LTlmMDYtZWFlYTZmNWIwMjcwXkEyXkFqcGdeQXVyMjYwNDA2MDE@._V1_SX300.jpg"",""Ratings"":[{""Source"":""Internet Movie Database"",""Value"":""6.8/10""}],""Metascore"":""N/A"",""imdbRating"":""6.8"",""imdbVotes"":""488"",""imdbID"":""tt16091638"",""seriesID"":""tt0182576"",""Type"":""episode"",""Response"":""True""}"
